,0,1,2,3,4,5,6,7,8,9,10,11,12,13,14,15,16,17,18,19,20,21,22
0,3.0,4,10,11,21,32,2,4,7,8,17,1.5,10,4,11,31,26,5,1,6,15,12,2
0,3.0,9,5,11,29,43,4,3,5,14,21,0.5,8,6,11,31,43,3,4,5,14,27,1
0,1.0,11,7,7,45,34,7,2,4,22,16,2.0,11,2,13,43,44,6,0,7,24,27,1
0,3.5,13,6,7,40,31,7,3,3,21,15,1.5,7,5,14,27,44,3,2,8,11,22,2
0,2.0,3,8,15,20,55,2,4,7,9,32,3.5,15,4,6,44,27,9,3,1,25,11,2
0,1.0,10,6,8,37,27,5,3,4,17,13,2.5,12,4,8,37,33,8,2,2,20,13,2
0,1.0,3,2,20,15,41,2,1,9,9,18,4.0,9,7,10,27,33,4,3,6,12,19,2
0,2.0,5,11,10,26,33,1,7,5,12,17,4.5,12,7,6,41,25,6,3,4,18,14,2
0,2.5,12,4,8,37,33,4,2,6,17,20,2.0,3,8,15,20,55,1,4,8,11,23,1
0,2.0,11,2,13,43,44,5,2,6,19,17,3.0,4,10,11,21,32,2,6,4,13,15,1
0,3.5,14,7,4,53,32,6,3,4,28,19,3.0,9,5,11,29,43,5,2,6,15,22,2
0,1.5,10,4,11,31,26,5,3,5,16,14,3.5,13,6,7,40,31,6,3,4,19,16,1
0,0.5,8,6,11,31,43,5,2,6,17,16,1.0,10,6,8,37,27,5,3,4,20,14,2
0,1.5,7,5,14,27,44,4,3,6,16,22,2.0,5,11,10,26,33,4,4,5,14,16,2
0,4.5,12,7,6,41,25,6,4,2,23,11,1.0,11,7,7,45,34,4,5,3,23,18,2
0,3.5,15,4,6,44,27,6,1,5,19,16,2.5,7,7,11,18,30,3,3,6,8,16,1
0,2.5,12,3,9,38,26,5,1,5,20,16,1.0,3,2,20,15,41,1,1,11,6,23,1
0,4.0,9,7,10,27,33,5,4,4,15,14,5.0,19,5,2,52,16,9,3,1,25,8,2
0,2.0,5,11,10,26,33,1,7,5,12,17,3.5,14,7,4,53,32,8,4,0,25,13,2
0,3.0,9,5,11,29,43,4,3,5,14,21,2.5,12,4,8,37,33,8,2,2,20,13,2
0,2.0,3,8,15,20,55,2,4,7,9,32,4.5,12,7,6,41,25,6,3,4,18,14,0
0,2.5,7,7,11,18,30,4,4,5,10,14,0.5,8,6,11,31,43,3,4,5,14,27,2
0,1.0,3,2,20,15,41,2,1,9,9,18,2.0,11,2,13,43,44,6,0,7,24,27,2
0,1.0,10,6,8,37,27,5,3,4,17,13,1.5,7,5,14,27,44,3,2,8,11,22,0
0,5.0,19,5,2,52,16,10,2,1,27,8,3.5,15,4,6,44,27,9,3,1,25,11,2
0,3.5,13,6,7,40,31,7,3,3,21,15,4.0,9,7,10,27,33,4,3,6,12,19,1
0,3.0,4,10,11,21,32,2,4,7,8,17,2.5,12,3,9,38,26,7,2,4,18,10,2
0,1.0,11,7,7,45,34,7,2,4,22,16,1.5,10,4,11,31,26,5,1,6,15,12,1
0,4.5,12,7,6,41,25,6,4,2,23,11,3.0,9,5,11,29,43,5,2,6,15,22,1
0,2.5,12,4,8,37,33,4,2,6,17,20,2.0,5,11,10,26,33,4,4,5,14,16,1
0,2.0,11,2,13,43,44,5,2,6,19,17,5.0,19,5,2,52,16,9,3,1,25,8,0
0,1.5,7,5,14,27,44,4,3,6,16,22,2.5,7,7,11,18,30,3,3,6,8,16,1
0,3.5,15,4,6,44,27,6,1,5,19,16,3.5,13,6,7,40,31,6,3,4,19,16,2
0,0.5,8,6,11,31,43,5,2,6,17,16,2.0,3,8,15,20,55,1,4,8,11,23,1
0,4.0,9,7,10,27,33,5,4,4,15,14,3.0,4,10,11,21,32,2,6,4,13,15,1
0,1.5,10,4,11,31,26,5,3,5,16,14,1.0,3,2,20,15,41,1,1,11,6,23,1
0,3.5,14,7,4,53,32,6,3,4,28,19,1.0,10,6,8,37,27,5,3,4,20,14,2
0,2.5,12,3,9,38,26,5,1,5,20,16,1.0,11,7,7,45,34,4,5,3,23,18,1
0,2.5,12,4,8,37,33,4,2,6,17,20,1.0,11,7,7,45,34,4,5,3,23,18,0
0,4.5,12,7,6,41,25,6,4,2,23,11,0.5,8,6,11,31,43,3,4,5,14,27,0
0,5.0,19,5,2,52,16,10,2,1,27,8,1.5,10,4,11,31,26,5,1,6,15,12,1
0,1.5,7,5,14,27,44,4,3,6,16,22,3.5,14,7,4,53,32,8,4,0,25,13,2
0,1.0,3,2,20,15,41,2,1,9,9,18,3.0,4,10,11,21,32,2,6,4,13,15,0
0,3.0,9,5,11,29,43,4,3,5,14,21,2.0,5,11,10,26,33,4,4,5,14,16,0
0,1.0,10,6,8,37,27,5,3,4,17,13,3.5,13,6,7,40,31,6,3,4,19,16,0
0,3.5,15,4,6,44,27,6,1,5,19,16,2.5,12,3,9,38,26,7,2,4,18,10,2
0,2.0,3,8,15,20,55,2,4,7,9,32,2.5,7,7,11,18,30,3,3,6,8,16,0
0,2.0,11,2,13,43,44,5,2,6,19,17,4.0,9,7,10,27,33,4,3,6,12,19,2
0,2.5,12,3,9,38,26,5,1,5,20,16,2.0,11,2,13,43,44,6,0,7,24,27,2
0,3.5,13,6,7,40,31,7,3,3,21,15,5.0,19,5,2,52,16,9,3,1,25,8,0
0,3.0,4,10,11,21,32,2,4,7,8,17,3.0,9,5,11,29,43,5,2,6,15,22,2
0,3.5,14,7,4,53,32,6,3,4,28,19,4.5,12,7,6,41,25,6,3,4,18,14,0
0,1.0,11,7,7,45,34,7,2,4,22,16,1.0,3,2,20,15,41,1,1,11,6,23,1
0,0.5,8,6,11,31,43,5,2,6,17,16,2.5,12,4,8,37,33,8,2,2,20,13,1
0,4.0,9,7,10,27,33,5,4,4,15,14,1.5,7,5,14,27,44,3,2,8,11,22,0
0,1.5,10,4,11,31,26,5,3,5,16,14,3.5,15,4,6,44,27,9,3,1,25,11,2
0,2.0,5,11,10,26,33,1,7,5,12,17,2.0,3,8,15,20,55,1,4,8,11,23,0
0,2.5,7,7,11,18,30,4,4,5,10,14,1.0,10,6,8,37,27,5,3,4,20,14,2
0,4.0,9,7,10,27,33,5,4,4,15,14,3.0,9,5,11,29,43,5,2,6,15,22,1
0,1.0,3,2,20,15,41,2,1,9,9,18,5.0,19,5,2,52,16,9,3,1,25,8,2
0,2.5,7,7,11,18,30,4,4,5,10,14,4.5,12,7,6,41,25,6,3,4,18,14,2
0,1.0,11,7,7,45,34,7,2,4,22,16,3.5,13,6,7,40,31,6,3,4,19,16,1
0,2.5,12,3,9,38,26,5,1,5,20,16,0.5,8,6,11,31,43,3,4,5,14,27,2
0,1.5,7,5,14,27,44,4,3,6,16,22,2.5,12,4,8,37,33,8,2,2,20,13,1
0,3.5,14,7,4,53,32,6,3,4,28,19,1.5,10,4,11,31,26,5,1,6,15,12,2
0,1.0,10,6,8,37,27,5,3,4,17,13,2.0,5,11,10,26,33,4,4,5,14,16,1
0,3.0,4,10,11,21,32,2,4,7,8,17,2.0,3,8,15,20,55,1,4,8,11,23,1
0,2.0,11,2,13,43,44,5,2,6,19,17,3.5,15,4,6,44,27,9,3,1,25,11,2
0,2.0,5,11,10,26,33,1,7,5,12,17,2.5,7,7,11,18,30,3,3,6,8,16,0
0,0.5,8,6,11,31,43,5,2,6,17,16,1.5,7,5,14,27,44,3,2,8,11,22,1
0,2.5,12,4,8,37,33,4,2,6,17,20,3.5,14,7,4,53,32,8,4,0,25,13,2
0,3.0,9,5,11,29,43,4,3,5,14,21,2.0,11,2,13,43,44,6,0,7,24,27,1
0,4.5,12,7,6,41,25,6,4,2,23,11,1.0,3,2,20,15,41,1,1,11,6,23,1
0,3.5,13,6,7,40,31,7,3,3,21,15,3.0,4,10,11,21,32,2,6,4,13,15,1
0,2.0,3,8,15,20,55,2,4,7,9,32,1.0,10,6,8,37,27,5,3,4,20,14,2
0,3.5,15,4,6,44,27,6,1,5,19,16,4.0,9,7,10,27,33,4,3,6,12,19,1
0,5.0,19,5,2,52,16,10,2,1,27,8,1.0,11,7,7,45,34,4,5,3,23,18,0
0,1.5,10,4,11,31,26,5,3,5,16,14,2.5,12,3,9,38,26,7,2,4,18,10,2
0,1.5,7,5,14,27,44,4,3,6,16,22,4.5,12,7,6,41,25,6,3,4,18,14,2
0,2.5,12,3,9,38,26,5,1,5,20,16,2.0,5,11,10,26,33,4,4,5,14,16,2
0,1.0,10,6,8,37,27,5,3,4,17,13,5.0,19,5,2,52,16,9,3,1,25,8,1
0,3.5,14,7,4,53,32,6,3,4,28,19,2.0,3,8,15,20,55,1,4,8,11,23,1
0,3.0,4,10,11,21,32,2,4,7,8,17,2.5,12,4,8,37,33,8,2,2,20,13,2
0,1.0,3,2,20,15,41,2,1,9,9,18,3.5,13,6,7,40,31,6,3,4,19,16,2
0,2.0,11,2,13,43,44,5,2,6,19,17,1.5,10,4,11,31,26,5,1,6,15,12,0
0,1.0,11,7,7,45,34,7,2,4,22,16,3.5,15,4,6,44,27,9,3,1,25,11,1
0,2.5,7,7,11,18,30,4,4,5,10,14,3.0,9,5,11,29,43,5,2,6,15,22,1
0,4.0,9,7,10,27,33,5,4,4,15,14,0.5,8,6,11,31,43,3,4,5,14,27,0
0,3.0,9,5,11,29,43,4,3,5,14,21,1.5,7,5,14,27,44,3,2,8,11,22,2
0,2.0,5,11,10,26,33,1,7,5,12,17,1.0,11,7,7,45,34,4,5,3,23,18,0
0,5.0,19,5,2,52,16,10,2,1,27,8,2.5,7,7,11,18,30,3,3,6,8,16,1
0,2.5,12,4,8,37,33,4,2,6,17,20,2.0,11,2,13,43,44,6,0,7,24,27,2
0,2.0,3,8,15,20,55,2,4,7,9,32,1.0,3,2,20,15,41,1,1,11,6,23,1
0,0.5,8,6,11,31,43,5,2,6,17,16,3.5,14,7,4,53,32,8,4,0,25,13,2
0,4.5,12,7,6,41,25,6,4,2,23,11,1.0,10,6,8,37,27,5,3,4,20,14,0
0,1.5,10,4,11,31,26,5,3,5,16,14,4.0,9,7,10,27,33,4,3,6,12,19,2
0,3.5,15,4,6,44,27,6,1,5,19,16,3.0,4,10,11,21,32,2,6,4,13,15,2
0,3.5,13,6,7,40,31,7,3,3,21,15,2.5,12,3,9,38,26,7,2,4,18,10,1
0,2.5,7,7,11,18,30,4,4,5,10,14,2.5,12,4,8,37,33,8,2,2,20,13,0
0,5.0,19,5,2,52,16,10,2,1,27,8,3.0,4,10,11,21,32,2,6,4,13,15,1
0,3.5,13,6,7,40,31,7,3,3,21,15,3.5,14,7,4,53,32,8,4,0,25,13,2
0,4.5,12,7,6,41,25,6,4,2,23,11,2.0,11,2,13,43,44,6,0,7,24,27,1
0,2.0,3,8,15,20,55,2,4,7,9,32,3.0,9,5,11,29,43,5,2,6,15,22,2
0,1.0,3,2,20,15,41,2,1,9,9,18,3.5,15,4,6,44,27,9,3,1,25,11,2
0,1.0,10,6,8,37,27,5,3,4,17,13,1.5,10,4,11,31,26,5,1,6,15,12,1
0,1.0,11,7,7,45,34,7,2,4,22,16,4.0,9,7,10,27,33,4,3,6,12,19,1
0,2.0,5,11,10,26,33,1,7,5,12,17,0.5,8,6,11,31,43,3,4,5,14,27,2
0,2.0,11,2,13,43,44,5,2,6,19,17,3.5,13,6,7,40,31,6,3,4,19,16,2
0,4.0,9,7,10,27,33,5,4,4,15,14,2.5,12,3,9,38,26,7,2,4,18,10,2
0,1.5,7,5,14,27,44,4,3,6,16,22,2.0,3,8,15,20,55,1,4,8,11,23,1
0,3.5,14,7,4,53,32,6,3,4,28,19,5.0,19,5,2,52,16,9,3,1,25,8,0
0,2.5,12,4,8,37,33,4,2,6,17,20,4.5,12,7,6,41,25,6,3,4,18,14,1
0,0.5,8,6,11,31,43,5,2,6,17,16,1.0,3,2,20,15,41,1,1,11,6,23,1
0,3.0,9,5,11,29,43,4,3,5,14,21,1.0,10,6,8,37,27,5,3,4,20,14,0
0,3.0,4,10,11,21,32,2,4,7,8,17,1.0,11,7,7,45,34,4,5,3,23,18,0
0,3.5,15,4,6,44,27,6,1,5,19,16,2.0,5,11,10,26,33,4,4,5,14,16,1
0,1.5,10,4,11,31,26,5,3,5,16,14,2.5,7,7,11,18,30,3,3,6,8,16,2
0,4.0,9,7,10,27,33,5,4,4,15,14,4.5,12,7,6,41,25,6,3,4,18,14,1
0,5.0,19,5,2,52,16,10,2,1,27,8,2.0,3,8,15,20,55,1,4,8,11,23,0
0,1.5,10,4,11,31,26,5,3,5,16,14,0.5,8,6,11,31,43,3,4,5,14,27,0
0,3.5,15,4,6,44,27,6,1,5,19,16,2.5,12,4,8,37,33,8,2,2,20,13,2
0,2.0,11,2,13,43,44,5,2,6,19,17,1.5,7,5,14,27,44,3,2,8,11,22,1
0,3.0,4,10,11,21,32,2,4,7,8,17,2.0,5,11,10,26,33,4,4,5,14,16,0
0,3.5,13,6,7,40,31,7,3,3,21,15,3.0,9,5,11,29,43,5,2,6,15,22,0
0,1.0,11,7,7,45,34,7,2,4,22,16,1.0,10,6,8,37,27,5,3,4,20,14,1
0,2.5,12,3,9,38,26,5,1,5,20,16,2.5,7,7,11,18,30,3,3,6,8,16,0
0,1.0,3,2,20,15,41,2,1,9,9,18,3.5,14,7,4,53,32,8,4,0,25,13,2
0,3.0,9,5,11,29,43,4,3,5,14,21,1.0,11,7,7,45,34,4,5,3,23,18,2
0,0.5,8,6,11,31,43,5,2,6,17,16,5.0,19,5,2,52,16,9,3,1,25,8,2
0,2.5,12,4,8,37,33,4,2,6,17,20,1.5,10,4,11,31,26,5,1,6,15,12,1
0,1.5,7,5,14,27,44,4,3,6,16,22,3.0,4,10,11,21,32,2,6,4,13,15,0
0,2.0,5,11,10,26,33,1,7,5,12,17,1.0,3,2,20,15,41,1,1,11,6,23,0
0,1.0,10,6,8,37,27,5,3,4,17,13,3.5,15,4,6,44,27,9,3,1,25,11,2
0,3.5,14,7,4,53,32,6,3,4,28,19,2.0,11,2,13,43,44,6,0,7,24,27,1
0,2.0,3,8,15,20,55,2,4,7,9,32,2.5,12,3,9,38,26,7,2,4,18,10,2
0,2.5,7,7,11,18,30,4,4,5,10,14,4.0,9,7,10,27,33,4,3,6,12,19,1
0,4.5,12,7,6,41,25,6,4,2,23,11,3.5,13,6,7,40,31,6,3,4,19,16,1
0,3.5,15,4,6,44,27,6,1,5,19,16,3.5,14,7,4,53,32,8,4,0,25,13,0
0,3.0,4,10,11,21,32,2,4,7,8,17,0.5,8,6,11,31,43,3,4,5,14,27,0
0,2.5,12,3,9,38,26,5,1,5,20,16,3.0,9,5,11,29,43,5,2,6,15,22,1
0,1.5,10,4,11,31,26,5,3,5,16,14,4.5,12,7,6,41,25,6,3,4,18,14,1
0,5.0,19,5,2,52,16,10,2,1,27,8,1.5,7,5,14,27,44,3,2,8,11,22,1
0,1.0,3,2,20,15,41,2,1,9,9,18,2.5,12,4,8,37,33,8,2,2,20,13,2
0,2.0,11,2,13,43,44,5,2,6,19,17,2.5,7,7,11,18,30,3,3,6,8,16,1
0,3.5,13,6,7,40,31,7,3,3,21,15,2.0,5,11,10,26,33,4,4,5,14,16,0
0,1.0,11,7,7,45,34,7,2,4,22,16,2.0,3,8,15,20,55,1,4,8,11,23,0
0,4.0,9,7,10,27,33,5,4,4,15,14,1.0,10,6,8,37,27,5,3,4,20,14,0
0,3.0,9,5,11,29,43,4,3,5,14,21,3.5,15,4,6,44,27,9,3,1,25,11,0
0,4.5,12,7,6,41,25,6,4,2,23,11,2.5,12,3,9,38,26,7,2,4,18,10,0
0,2.0,3,8,15,20,55,2,4,7,9,32,2.0,11,2,13,43,44,6,0,7,24,27,2
0,2.5,7,7,11,18,30,4,4,5,10,14,1.0,3,2,20,15,41,1,1,11,6,23,1
0,0.5,8,6,11,31,43,5,2,6,17,16,3.5,13,6,7,40,31,6,3,4,19,16,0
0,2.0,5,11,10,26,33,1,7,5,12,17,1.5,10,4,11,31,26,5,1,6,15,12,2
0,3.5,14,7,4,53,32,6,3,4,28,19,4.0,9,7,10,27,33,4,3,6,12,19,1
0,1.5,7,5,14,27,44,4,3,6,16,22,1.0,11,7,7,45,34,4,5,3,23,18,0
0,2.5,12,4,8,37,33,4,2,6,17,20,3.5,13,6,7,40,31,6,3,4,19,16,2
0,3.5,14,7,4,53,32,6,3,4,28,19,2.5,12,3,9,38,26,7,2,4,18,10,1
0,1.0,10,6,8,37,27,5,3,4,17,13,2.0,11,2,13,43,44,6,0,7,24,27,1
0,3.0,9,5,11,29,43,4,3,5,14,21,1.0,3,2,20,15,41,1,1,11,6,23,1
0,2.0,5,11,10,26,33,1,7,5,12,17,4.0,9,7,10,27,33,4,3,6,12,19,0
0,2.0,3,8,15,20,55,2,4,7,9,32,1.5,10,4,11,31,26,5,1,6,15,12,2
0,1.5,7,5,14,27,44,4,3,6,16,22,3.5,15,4,6,44,27,9,3,1,25,11,2
0,4.5,12,7,6,41,25,6,4,2,23,11,5.0,19,5,2,52,16,9,3,1,25,8,2
0,0.5,8,6,11,31,43,5,2,6,17,16,1.0,11,7,7,45,34,4,5,3,23,18,1
0,1.0,3,2,20,15,41,2,1,9,9,18,1.5,7,5,14,27,44,3,2,8,11,22,1
0,4.0,9,7,10,27,33,5,4,4,15,14,2.5,12,4,8,37,33,8,2,2,20,13,2
0,2.5,7,7,11,18,30,4,4,5,10,14,3.5,14,7,4,53,32,8,4,0,25,13,2
0,5.0,19,5,2,52,16,10,2,1,27,8,2.0,5,11,10,26,33,4,4,5,14,16,1
0,1.0,10,6,8,37,27,5,3,4,17,13,3.0,4,10,11,21,32,2,6,4,13,15,0
0,1.5,10,4,11,31,26,5,3,5,16,14,3.0,9,5,11,29,43,5,2,6,15,22,0
0,4.0,9,7,10,27,33,5,4,4,15,14,2.0,3,8,15,20,55,1,4,8,11,23,2
0,3.5,13,6,7,40,31,7,3,3,21,15,2.5,7,7,11,18,30,3,3,6,8,16,1
0,2.0,11,2,13,43,44,5,2,6,19,17,2.0,5,11,10,26,33,4,4,5,14,16,2
0,3.0,4,10,11,21,32,2,4,7,8,17,4.5,12,7,6,41,25,6,3,4,18,14,2
0,3.5,15,4,6,44,27,6,1,5,19,16,0.5,8,6,11,31,43,3,4,5,14,27,1
0,1.0,3,2,20,15,41,2,1,9,9,18,1.0,10,6,8,37,27,5,3,4,20,14,2
0,1.0,11,7,7,45,34,7,2,4,22,16,3.5,14,7,4,53,32,8,4,0,25,13,0
0,5.0,19,5,2,52,16,10,2,1,27,8,3.0,9,5,11,29,43,5,2,6,15,22,1
0,1.5,10,4,11,31,26,5,3,5,16,14,1.5,7,5,14,27,44,3,2,8,11,22,1
0,3.5,13,6,7,40,31,7,3,3,21,15,2.0,3,8,15,20,55,1,4,8,11,23,1
0,3.5,15,4,6,44,27,6,1,5,19,16,4.5,12,7,6,41,25,6,3,4,18,14,1
0,5.0,19,5,2,52,16,10,2,1,27,8,2.5,12,3,9,38,26,7,2,4,18,10,1
0,3.0,4,10,11,21,32,2,4,7,8,17,3.5,14,7,4,53,32,8,4,0,25,13,2
0,1.0,11,7,7,45,34,7,2,4,22,16,2.5,7,7,11,18,30,3,3,6,8,16,2
0,2.5,12,3,9,38,26,5,1,5,20,16,1.5,7,5,14,27,44,3,2,8,11,22,1
0,1.5,7,5,14,27,44,4,3,6,16,22,2.0,11,2,13,43,44,6,0,7,24,27,2
0,3.0,9,5,11,29,43,4,3,5,14,21,3.5,13,6,7,40,31,6,3,4,19,16,2
0,2.0,3,8,15,20,55,2,4,7,9,32,5.0,19,5,2,52,16,9,3,1,25,8,2
0,0.5,8,6,11,31,43,5,2,6,17,16,1.5,10,4,11,31,26,5,1,6,15,12,2
0,2.5,7,7,11,18,30,4,4,5,10,14,2.5,12,3,9,38,26,7,2,4,18,10,1
0,4.5,12,7,6,41,25,6,4,2,23,11,4.0,9,7,10,27,33,4,3,6,12,19,0
0,2.0,5,11,10,26,33,1,7,5,12,17,3.0,4,10,11,21,32,2,6,4,13,15,0
0,2.5,12,4,8,37,33,4,2,6,17,20,3.5,15,4,6,44,27,9,3,1,25,11,0
0,3.5,14,7,4,53,32,6,3,4,28,19,1.0,3,2,20,15,41,1,1,11,6,23,2
0,1.0,10,6,8,37,27,5,3,4,17,13,1.0,11,7,7,45,34,4,5,3,23,18,2
0,2.5,12,4,8,37,33,4,2,6,17,20,1.5,7,5,14,27,44,3,2,8,11,22,2
0,5.0,19,5,2,52,16,10,2,1,27,8,1.0,3,2,20,15,41,1,1,11,6,23,1
0,2.0,3,8,15,20,55,2,4,7,9,32,3.0,4,10,11,21,32,2,6,4,13,15,0
0,3.0,9,5,11,29,43,4,3,5,14,21,4.0,9,7,10,27,33,4,3,6,12,19,1
0,1.5,10,4,11,31,26,5,3,5,16,14,3.5,14,7,4,53,32,8,4,0,25,13,0
0,0.5,8,6,11,31,43,5,2,6,17,16,2.5,12,3,9,38,26,7,2,4,18,10,2
0,4.5,12,7,6,41,25,6,4,2,23,11,2.5,7,7,11,18,30,3,3,6,8,16,1
0,3.5,15,4,6,44,27,6,1,5,19,16,2.0,11,2,13,43,44,6,0,7,24,27,2
0,3.5,13,6,7,40,31,7,3,3,21,15,1.0,11,7,7,45,34,4,5,3,23,18,2
0,2.0,5,11,10,26,33,1,7,5,12,17,1.0,10,6,8,37,27,5,3,4,20,14,1
0,4.0,9,7,10,27,33,5,4,4,15,14,1.5,10,4,11,31,26,5,1,6,15,12,1
0,1.0,3,2,20,15,41,2,1,9,9,18,2.0,3,8,15,20,55,1,4,8,11,23,1
0,3.5,14,7,4,53,32,6,3,4,28,19,0.5,8,6,11,31,43,3,4,5,14,27,1
0,1.5,7,5,14,27,44,4,3,6,16,22,3.0,9,5,11,29,43,5,2,6,15,22,2
0,3.0,4,10,11,21,32,2,4,7,8,17,3.5,15,4,6,44,27,9,3,1,25,11,2
0,2.5,7,7,11,18,30,4,4,5,10,14,5.0,19,5,2,52,16,9,3,1,25,8,2
0,2.0,11,2,13,43,44,5,2,6,19,17,2.5,12,4,8,37,33,8,2,2,20,13,2
0,2.5,12,3,9,38,26,5,1,5,20,16,3.5,13,6,7,40,31,6,3,4,19,16,2
0,1.0,11,7,7,45,34,7,2,4,22,16,2.0,5,11,10,26,33,4,4,5,14,16,2
0,1.0,10,6,8,37,27,5,3,4,17,13,4.5,12,7,6,41,25,6,3,4,18,14,2
0,2.5,12,3,9,38,26,5,1,5,20,16,1.5,10,4,11,31,26,5,1,6,15,12,1
0,1.5,7,5,14,27,44,4,3,6,16,22,0.5,8,6,11,31,43,3,4,5,14,27,1
0,2.5,7,7,11,18,30,4,4,5,10,14,2.0,5,11,10,26,33,4,4,5,14,16,0
0,3.0,4,10,11,21,32,2,4,7,8,17,3.5,13,6,7,40,31,6,3,4,19,16,0
0,3.5,14,7,4,53,32,6,3,4,28,19,2.5,12,4,8,37,33,8,2,2,20,13,0
0,1.0,10,6,8,37,27,5,3,4,17,13,2.0,3,8,15,20,55,1,4,8,11,23,1
0,4.0,9,7,10,27,33,5,4,4,15,14,3.5,15,4,6,44,27,9,3,1,25,11,0
0,1.0,11,7,7,45,34,7,2,4,22,16,5.0,19,5,2,52,16,9,3,1,25,8,2
0,1.0,3,2,20,15,41,2,1,9,9,18,4.5,12,7,6,41,25,6,3,4,18,14,2
0,2.0,11,2,13,43,44,5,2,6,19,17,3.0,9,5,11,29,43,5,2,6,15,22,1
0,3.5,15,4,6,44,27,6,1,5,19,16,1.0,11,7,7,45,34,4,5,3,23,18,1
0,3.0,9,5,11,29,43,4,3,5,14,21,2.5,7,7,11,18,30,3,3,6,8,16,2
0,5.0,19,5,2,52,16,10,2,1,27,8,1.0,10,6,8,37,27,5,3,4,20,14,1
0,2.0,5,11,10,26,33,1,7,5,12,17,2.5,12,3,9,38,26,7,2,4,18,10,0
0,0.5,8,6,11,31,43,5,2,6,17,16,4.0,9,7,10,27,33,4,3,6,12,19,2
0,2.0,3,8,15,20,55,2,4,7,9,32,3.5,14,7,4,53,32,8,4,0,25,13,0
0,1.5,10,4,11,31,26,5,3,5,16,14,2.0,11,2,13,43,44,6,0,7,24,27,1
0,2.5,12,4,8,37,33,4,2,6,17,20,3.0,4,10,11,21,32,2,6,4,13,15,2
0,3.5,13,6,7,40,31,7,3,3,21,15,1.0,3,2,20,15,41,1,1,11,6,23,1
0,4.5,12,7,6,41,25,6,4,2,23,11,1.5,7,5,14,27,44,3,2,8,11,22,1
0,2.5,7,7,11,18,30,4,4,5,10,14,3.0,4,10,11,21,32,2,6,4,13,15,0
0,2.5,12,4,8,37,33,4,2,6,17,20,5.0,19,5,2,52,16,9,3,1,25,8,2
0,4.0,9,7,10,27,33,5,4,4,15,14,2.0,11,2,13,43,44,6,0,7,24,27,1
0,0.5,8,6,11,31,43,5,2,6,17,16,4.5,12,7,6,41,25,6,3,4,18,14,0
0,2.5,7,7,11,18,30,4,4,5,10,14,2.0,3,8,15,20,55,1,4,8,11,23,0
0,1.0,11,7,7,45,34,7,2,4,22,16,2.5,12,4,8,37,33,8,2,2,20,13,2
0,3.0,4,10,11,21,32,2,4,7,8,17,1.0,3,2,20,15,41,1,1,11,6,23,1
0,3.5,13,6,7,40,31,7,3,3,21,15,1.0,10,6,8,37,27,5,3,4,20,14,1
0,2.5,12,3,9,38,26,5,1,5,20,16,3.5,15,4,6,44,27,9,3,1,25,11,2
0,1.5,10,4,11,31,26,5,3,5,16,14,5.0,19,5,2,52,16,9,3,1,25,8,2
0,3.5,14,7,4,53,32,6,3,4,28,19,1.5,7,5,14,27,44,3,2,8,11,22,1
0,2.0,5,11,10,26,33,1,7,5,12,17,3.0,9,5,11,29,43,5,2,6,15,22,2
0,2.0,11,2,13,43,44,5,2,6,19,17,0.5,8,6,11,31,43,3,4,5,14,27,1
0,5.0,19,5,2,52,16,10,2,1,27,8,3.5,13,6,7,40,31,6,3,4,19,16,1
0,2.0,3,8,15,20,55,2,4,7,9,32,2.0,5,11,10,26,33,4,4,5,14,16,1
0,2.0,11,2,13,43,44,5,2,6,19,17,2.5,12,3,9,38,26,7,2,4,18,10,2
0,1.5,7,5,14,27,44,4,3,6,16,22,4.0,9,7,10,27,33,4,3,6,12,19,0
0,3.5,16,4,3,67,32,8,3,0,42,16,1.0,1,6,16,16,61,0,4,7,8,35,1
0,2.0,5,6,12,21,41,1,3,7,11,20,2.5,7,5,10,36,39,3,3,5,16,23,2
0,4.0,11,9,3,46,32,6,5,0,21,12,0.5,5,3,14,18,41,1,3,7,8,22,0
0,3.5,8,8,7,44,36,2,6,3,19,17,2.5,8,7,7,35,34,3,3,4,11,17,2
0,3.0,6,8,8,26,32,3,4,4,11,14,0.5,4,6,13,26,42,2,4,6,15,19,2
0,2.0,8,9,5,35,25,4,6,1,21,12,1.5,6,5,11,22,35,3,2,5,10,15,2
0,3.5,12,3,8,48,31,6,2,3,25,14,1.0,8,9,6,40,36,3,5,3,20,21,1
0,5.0,15,5,3,43,20,10,1,1,24,9,3.5,4,5,13,23,43,2,3,6,13,24,1
0,4.5,12,9,2,37,19,7,4,0,19,8,2.0,10,7,5,40,24,5,3,3,17,9,0
0,0.5,4,6,13,26,42,2,2,7,11,23,4.0,11,9,3,46,32,5,4,3,25,20,2
0,1.0,8,9,6,40,36,5,4,3,20,15,2.0,8,9,5,35,25,4,3,4,14,13,0
0,0.5,5,3,14,18,41,4,0,7,10,19,2.0,5,6,12,21,41,4,3,5,10,21,1
0,2.0,10,7,5,40,24,5,4,2,23,15,5.0,15,5,3,43,20,5,4,2,19,11,0
0,3.5,4,5,13,23,43,2,2,7,10,19,3.5,8,8,7,44,36,6,2,4,25,19,2
0,1.5,6,5,11,22,35,3,3,6,12,20,3.5,12,3,8,48,31,6,1,5,23,17,1
0,1.0,1,6,16,16,61,1,2,9,8,26,3.0,6,8,8,26,32,3,4,4,15,18,2
0,2.5,7,5,10,36,39,4,2,5,20,16,3.5,16,4,3,67,32,8,1,3,25,16,1
0,2.5,8,7,7,35,34,5,4,3,24,17,4.5,12,9,2,37,19,5,5,2,18,11,0
0,2.0,8,9,5,35,25,4,6,1,21,12,3.5,4,5,13,23,43,2,3,6,13,24,1
0,2.0,5,6,12,21,41,1,3,7,11,20,1.0,8,9,6,40,36,3,5,3,20,21,2
0,4.0,11,9,3,46,32,6,5,0,21,12,2.5,7,5,10,36,39,3,3,5,16,23,1
0,3.5,12,3,8,48,31,6,2,3,25,14,2.5,8,7,7,35,34,3,3,4,11,17,1
0,3.5,8,8,7,44,36,2,6,3,19,17,2.0,10,7,5,40,24,5,3,3,17,9,0
0,3.0,6,8,8,26,32,3,4,4,11,14,0.5,5,3,14,18,41,1,3,7,8,22,1
0,5.0,15,5,3,43,20,10,1,1,24,9,1.0,1,6,16,16,61,0,4,7,8,35,1
0,4.5,12,9,2,37,19,7,4,0,19,8,1.5,6,5,11,22,35,3,2,5,10,15,0
0,3.5,16,4,3,67,32,8,3,0,42,16,0.5,4,6,13,26,42,2,4,6,15,19,1
0,0.5,4,6,13,26,42,2,2,7,11,23,3.5,8,8,7,44,36,6,2,4,25,19,2
0,2.5,8,7,7,35,34,5,4,3,24,17,3.0,6,8,8,26,32,3,4,4,15,18,0
0,3.5,4,5,13,23,43,2,2,7,10,19,2.0,10,7,5,40,24,5,3,3,17,9,2
0,2.5,7,5,10,36,39,4,2,5,20,16,3.5,12,3,8,48,31,6,1,5,23,17,2
0,1.5,6,5,11,22,35,3,3,6,12,20,5.0,15,5,3,43,20,5,4,2,19,11,2
0,0.5,5,3,14,18,41,4,0,7,10,19,3.5,16,4,3,67,32,8,1,3,25,16,2
0,1.0,8,9,6,40,36,5,4,3,20,15,4.5,12,9,2,37,19,5,5,2,18,11,0
0,2.0,5,6,12,21,41,1,3,7,11,20,4.0,11,9,3,46,32,5,4,3,25,20,0
0,1.0,1,6,16,16,61,1,2,9,8,26,2.0,8,9,5,35,25,4,3,4,14,13,0
0,3.5,8,8,7,44,36,2,6,3,19,17,2.0,5,6,12,21,41,4,3,5,10,21,0
0,3.5,16,4,3,67,32,8,3,0,42,16,4.0,11,9,3,46,32,5,4,3,25,20,1
0,3.5,4,5,13,23,43,2,2,7,10,19,1.0,8,9,6,40,36,3,5,3,20,21,2
0,2.0,8,9,5,35,25,4,6,1,21,12,2.5,8,7,7,35,34,3,3,4,11,17,0
0,5.0,15,5,3,43,20,10,1,1,24,9,0.5,4,6,13,26,42,2,4,6,15,19,1
0,3.5,12,3,8,48,31,6,2,3,25,14,1.0,1,6,16,16,61,0,4,7,8,35,1
0,4.5,12,9,2,37,19,7,4,0,19,8,0.5,5,3,14,18,41,1,3,7,8,22,1
0,3.0,6,8,8,26,32,3,4,4,11,14,2.5,7,5,10,36,39,3,3,5,16,23,0
0,2.0,10,7,5,40,24,5,4,2,23,15,1.5,6,5,11,22,35,3,2,5,10,15,1
0,1.0,1,6,16,16,61,1,2,9,8,26,3.5,8,8,7,44,36,6,2,4,25,19,0
0,2.0,5,6,12,21,41,1,3,7,11,20,3.5,16,4,3,67,32,8,1,3,25,16,2
0,4.0,11,9,3,46,32,6,5,0,21,12,3.0,6,8,8,26,32,3,4,4,15,18,0
0,0.5,5,3,14,18,41,4,0,7,10,19,3.5,12,3,8,48,31,6,1,5,23,17,2
0,1.5,6,5,11,22,35,3,3,6,12,20,3.5,4,5,13,23,43,2,3,6,13,24,1
0,1.0,8,9,6,40,36,5,4,3,20,15,5.0,15,5,3,43,20,5,4,2,19,11,1
0,2.5,8,7,7,35,34,5,4,3,24,17,2.0,10,7,5,40,24,5,3,3,17,9,2
0,0.5,4,6,13,26,42,2,2,7,11,23,4.5,12,9,2,37,19,5,5,2,18,11,0
0,2.5,7,5,10,36,39,4,2,5,20,16,2.0,8,9,5,35,25,4,3,4,14,13,2
0,3.0,6,8,8,26,32,3,4,4,11,14,2.0,5,6,12,21,41,4,3,5,10,21,0
0,3.5,8,8,7,44,36,2,6,3,19,17,4.0,11,9,3,46,32,5,4,3,25,20,0
0,3.5,4,5,13,23,43,2,2,7,10,19,1.0,1,6,16,16,61,0,4,7,8,35,0
0,1.5,6,5,11,22,35,3,3,6,12,20,0.5,4,6,13,26,42,2,4,6,15,19,2
0,2.0,8,9,5,35,25,4,6,1,21,12,0.5,5,3,14,18,41,1,3,7,8,22,1
0,5.0,15,5,3,43,20,10,1,1,24,9,2.5,8,7,7,35,34,3,3,4,11,17,1
0,3.5,12,3,8,48,31,6,2,3,25,14,3.5,16,4,3,67,32,8,1,3,25,16,2
0,4.5,12,9,2,37,19,7,4,0,19,8,2.5,7,5,10,36,39,3,3,5,16,23,1
0,2.0,10,7,5,40,24,5,4,2,23,15,1.0,8,9,6,40,36,3,5,3,20,21,1
0,1.0,1,6,16,16,61,1,2,9,8,26,4.5,12,9,2,37,19,5,5,2,18,11,2
0,1.0,8,9,6,40,36,5,4,3,20,15,1.5,6,5,11,22,35,3,2,5,10,15,0
0,3.5,16,4,3,67,32,8,3,0,42,16,3.0,6,8,8,26,32,3,4,4,15,18,0
0,0.5,5,3,14,18,41,4,0,7,10,19,2.0,10,7,5,40,24,5,3,3,17,9,2
0,2.5,7,5,10,36,39,4,2,5,20,16,3.5,8,8,7,44,36,6,2,4,25,19,0
0,4.0,11,9,3,46,32,6,5,0,21,12,5.0,15,5,3,43,20,5,4,2,19,11,0
0,0.5,4,6,13,26,42,2,2,7,11,23,3.5,12,3,8,48,31,6,1,5,23,17,2
0,2.5,8,7,7,35,34,5,4,3,24,17,3.5,4,5,13,23,43,2,3,6,13,24,2
0,2.0,5,6,12,21,41,1,3,7,11,20,2.0,8,9,5,35,25,4,3,4,14,13,2
0,4.5,12,9,2,37,19,7,4,0,19,8,3.0,6,8,8,26,32,3,4,4,15,18,1
0,3.5,12,3,8,48,31,6,2,3,25,14,2.0,5,6,12,21,41,4,3,5,10,21,2
0,3.5,8,8,7,44,36,2,6,3,19,17,3.5,16,4,3,67,32,8,1,3,25,16,2
0,1.5,6,5,11,22,35,3,3,6,12,20,2.5,8,7,7,35,34,3,3,4,11,17,0
0,2.0,8,9,5,35,25,4,6,1,21,12,4.0,11,9,3,46,32,5,4,3,25,20,0
0,5.0,15,5,3,43,20,10,1,1,24,9,0.5,5,3,14,18,41,1,3,7,8,22,1
0,1.0,8,9,6,40,36,5,4,3,20,15,1.0,1,6,16,16,61,0,4,7,8,35,1
0,2.0,10,7,5,40,24,5,4,2,23,15,0.5,4,6,13,26,42,2,4,6,15,19,0
0,3.5,4,5,13,23,43,2,2,7,10,19,2.5,7,5,10,36,39,3,3,5,16,23,0
0,0.5,4,6,13,26,42,2,2,7,11,23,2.0,8,9,5,35,25,4,3,4,14,13,1
0,2.0,5,6,12,21,41,1,3,7,11,20,4.5,12,9,2,37,19,5,5,2,18,11,0
0,4.0,11,9,3,46,32,6,5,0,21,12,3.5,12,3,8,48,31,6,1,5,23,17,0
0,0.5,5,3,14,18,41,4,0,7,10,19,3.5,4,5,13,23,43,2,3,6,13,24,1
0,2.5,8,7,7,35,34,5,4,3,24,17,1.0,8,9,6,40,36,3,5,3,20,21,0
0,3.5,16,4,3,67,32,8,3,0,42,16,5.0,15,5,3,43,20,5,4,2,19,11,0
0,3.0,6,8,8,26,32,3,4,4,11,14,3.5,8,8,7,44,36,6,2,4,25,19,2
0,1.0,1,6,16,16,61,1,2,9,8,26,2.0,10,7,5,40,24,5,3,3,17,9,2
0,2.5,7,5,10,36,39,4,2,5,20,16,1.5,6,5,11,22,35,3,2,5,10,15,1
0,4.5,12,9,2,37,19,7,4,0,19,8,4.0,11,9,3,46,32,5,4,3,25,20,1
0,3.5,12,3,8,48,31,6,2,3,25,14,3.5,8,8,7,44,36,6,2,4,25,19,2
0,1.0,8,9,6,40,36,5,4,3,20,15,0.5,4,6,13,26,42,2,4,6,15,19,0
0,2.5,8,7,7,35,34,5,4,3,24,17,0.5,5,3,14,18,41,1,3,7,8,22,1
0,3.5,4,5,13,23,43,2,2,7,10,19,2.0,5,6,12,21,41,4,3,5,10,21,2
0,5.0,15,5,3,43,20,10,1,1,24,9,3.0,6,8,8,26,32,3,4,4,15,18,1
0,2.0,8,9,5,35,25,4,6,1,21,12,3.5,16,4,3,67,32,8,1,3,25,16,0
0,1.5,6,5,11,22,35,3,3,6,12,20,1.0,1,6,16,16,61,0,4,7,8,35,0
0,2.0,10,7,5,40,24,5,4,2,23,15,2.5,7,5,10,36,39,3,3,5,16,23,1
0,4.0,11,9,3,46,32,6,5,0,21,12,1.0,8,9,6,40,36,3,5,3,20,21,0
0,3.0,6,8,8,26,32,3,4,4,11,14,3.5,12,3,8,48,31,6,1,5,23,17,2
0,0.5,4,6,13,26,42,2,2,7,11,23,3.5,4,5,13,23,43,2,3,6,13,24,0
0,3.5,8,8,7,44,36,2,6,3,19,17,2.0,8,9,5,35,25,4,3,4,14,13,0
0,1.0,1,6,16,16,61,1,2,9,8,26,2.5,8,7,7,35,34,3,3,4,11,17,2
0,3.5,16,4,3,67,32,8,3,0,42,16,4.5,12,9,2,37,19,5,5,2,18,11,1
0,0.5,5,3,14,18,41,4,0,7,10,19,1.5,6,5,11,22,35,3,2,5,10,15,2
0,2.5,7,5,10,36,39,4,2,5,20,16,5.0,15,5,3,43,20,5,4,2,19,11,2
0,2.0,5,6,12,21,41,1,3,7,11,20,2.0,10,7,5,40,24,5,3,3,17,9,2
0,2.0,8,9,5,35,25,4,6,1,21,12,3.5,12,3,8,48,31,6,1,5,23,17,1
0,1.0,1,6,16,16,61,1,2,9,8,26,0.5,5,3,14,18,41,1,3,7,8,22,2
0,1.0,8,9,6,40,36,5,4,3,20,15,2.5,7,5,10,36,39,3,3,5,16,23,2
0,3.5,4,5,13,23,43,2,2,7,10,19,3.0,6,8,8,26,32,3,4,4,15,18,2
0,1.5,6,5,11,22,35,3,3,6,12,20,4.0,11,9,3,46,32,5,4,3,25,20,2
0,5.0,15,5,3,43,20,10,1,1,24,9,2.0,5,6,12,21,41,4,3,5,10,21,0
0,2.0,10,7,5,40,24,5,4,2,23,15,3.5,16,4,3,67,32,8,1,3,25,16,2
0,2.5,8,7,7,35,34,5,4,3,24,17,0.5,4,6,13,26,42,2,4,6,15,19,1
0,4.5,12,9,2,37,19,7,4,0,19,8,3.5,8,8,7,44,36,6,2,4,25,19,1
0,2.0,5,6,12,21,41,1,3,7,11,20,1.5,6,5,11,22,35,3,2,5,10,15,2
0,4.0,11,9,3,46,32,6,5,0,21,12,2.0,10,7,5,40,24,5,3,3,17,9,1
0,3.0,6,8,8,26,32,3,4,4,11,14,2.0,8,9,5,35,25,4,3,4,14,13,2
0,0.5,5,3,14,18,41,4,0,7,10,19,1.0,8,9,6,40,36,3,5,3,20,21,2
0,2.5,7,5,10,36,39,4,2,5,20,16,2.5,8,7,7,35,34,3,3,4,11,17,2
0,0.5,4,6,13,26,42,2,2,7,11,23,1.0,1,6,16,16,61,0,4,7,8,35,1
0,3.5,8,8,7,44,36,2,6,3,19,17,5.0,15,5,3,43,20,5,4,2,19,11,2
0,3.5,12,3,8,48,31,6,2,3,25,14,4.5,12,9,2,37,19,5,5,2,18,11,1
0,3.5,16,4,3,67,32,8,3,0,42,16,3.5,4,5,13,23,43,2,3,6,13,24,1
0,1.0,8,9,6,40,36,5,4,3,20,15,3.5,16,4,3,67,32,8,1,3,25,16,1
0,1.0,1,6,16,16,61,1,2,9,8,26,2.5,7,5,10,36,39,3,3,5,16,23,1
0,2.0,10,7,5,40,24,5,4,2,23,15,3.0,6,8,8,26,32,3,4,4,15,18,0
0,2.5,8,7,7,35,34,5,4,3,24,17,2.0,5,6,12,21,41,4,3,5,10,21,1
0,3.5,4,5,13,23,43,2,2,7,10,19,4.0,11,9,3,46,32,5,4,3,25,20,2
0,2.0,8,9,5,35,25,4,6,1,21,12,4.5,12,9,2,37,19,5,5,2,18,11,0
0,5.0,15,5,3,43,20,10,1,1,24,9,3.5,12,3,8,48,31,6,1,5,23,17,2
0,1.5,6,5,11,22,35,3,3,6,12,20,3.5,8,8,7,44,36,6,2,4,25,19,2
0,0.5,5,3,14,18,41,4,0,7,10,19,0.5,4,6,13,26,42,2,4,6,15,19,1
0,2.0,8,9,5,35,25,4,6,1,21,12,2.0,10,7,5,40,24,5,3,3,17,9,1
0,2.0,5,6,12,21,41,1,3,7,11,20,0.5,4,6,13,26,42,2,4,6,15,19,0
0,3.5,12,3,8,48,31,6,2,3,25,14,3.5,4,5,13,23,43,2,3,6,13,24,0
0,3.0,6,8,8,26,32,3,4,4,11,14,1.5,6,5,11,22,35,3,2,5,10,15,1
0,4.5,12,9,2,37,19,7,4,0,19,8,5.0,15,5,3,43,20,5,4,2,19,11,0
0,2.5,7,5,10,36,39,4,2,5,20,16,0.5,5,3,14,18,41,1,3,7,8,22,0
0,3.5,8,8,7,44,36,2,6,3,19,17,1.0,8,9,6,40,36,3,5,3,20,21,0
0,3.5,16,4,3,67,32,8,3,0,42,16,2.5,8,7,7,35,34,3,3,4,11,17,1
0,4.0,11,9,3,46,32,6,5,0,21,12,1.0,1,6,16,16,61,0,4,7,8,35,1
0,1.0,8,9,6,40,36,5,4,3,20,15,3.0,6,8,8,26,32,3,4,4,15,18,1
0,0.5,4,6,13,26,42,2,2,7,11,23,2.5,7,5,10,36,39,3,3,5,16,23,2
0,2.0,10,7,5,40,24,5,4,2,23,15,3.5,12,3,8,48,31,6,1,5,23,17,1
0,3.5,4,5,13,23,43,2,2,7,10,19,4.5,12,9,2,37,19,5,5,2,18,11,2
0,1.0,1,6,16,16,61,1,2,9,8,26,2.0,5,6,12,21,41,4,3,5,10,21,2
0,0.5,5,3,14,18,41,4,0,7,10,19,3.5,8,8,7,44,36,6,2,4,25,19,1
0,2.5,8,7,7,35,34,5,4,3,24,17,4.0,11,9,3,46,32,5,4,3,25,20,0
0,1.5,6,5,11,22,35,3,3,6,12,20,3.5,16,4,3,67,32,8,1,3,25,16,2
0,5.0,15,5,3,43,20,10,1,1,24,9,2.0,8,9,5,35,25,4,3,4,14,13,1
0,1.0,8,9,6,40,36,5,4,3,20,15,3.5,12,3,8,48,31,6,1,5,23,17,1
0,0.5,5,3,14,18,41,4,0,7,10,19,4.0,11,9,3,46,32,5,4,3,25,20,2
0,2.0,10,7,5,40,24,5,4,2,23,15,4.5,12,9,2,37,19,5,5,2,18,11,2
0,2.5,8,7,7,35,34,5,4,3,24,17,3.5,8,8,7,44,36,6,2,4,25,19,1
0,3.5,4,5,13,23,43,2,2,7,10,19,5.0,15,5,3,43,20,5,4,2,19,11,1
0,1.5,6,5,11,22,35,3,3,6,12,20,2.0,8,9,5,35,25,4,3,4,14,13,1
0,0.5,4,6,13,26,42,2,2,7,11,23,3.0,6,8,8,26,32,3,4,4,15,18,2
0,1.0,1,6,16,16,61,1,2,9,8,26,3.5,16,4,3,67,32,8,1,3,25,16,2
0,2.5,7,5,10,36,39,4,2,5,20,16,2.0,5,6,12,21,41,4,3,5,10,21,1
0,3.5,8,8,7,44,36,2,6,3,19,17,3.5,4,5,13,23,43,2,3,6,13,24,1
0,4.0,11,9,3,46,32,6,5,0,21,12,0.5,4,6,13,26,42,2,4,6,15,19,1
0,3.5,12,3,8,48,31,6,2,3,25,14,1.5,6,5,11,22,35,3,2,5,10,15,1
0,3.0,6,8,8,26,32,3,4,4,11,14,1.0,1,6,16,16,61,0,4,7,8,35,0
0,3.5,16,4,3,67,32,8,3,0,42,16,2.5,7,5,10,36,39,3,3,5,16,23,1
0,2.0,8,9,5,35,25,4,6,1,21,12,1.0,8,9,6,40,36,3,5,3,20,21,0
0,5.0,15,5,3,43,20,10,1,1,24,9,2.0,10,7,5,40,24,5,3,3,17,9,1
0,2.0,5,6,12,21,41,1,3,7,11,20,0.5,5,3,14,18,41,1,3,7,8,22,1
0,4.5,12,9,2,37,19,7,4,0,19,8,2.5,8,7,7,35,34,3,3,4,11,17,1
0,0.5,4,6,13,26,42,2,2,7,11,23,3.5,16,4,3,67,32,8,1,3,25,16,2
0,1.0,1,6,16,16,61,1,2,9,8,26,5.0,15,5,3,43,20,5,4,2,19,11,2
0,2.0,10,7,5,40,24,5,4,2,23,15,3.5,8,8,7,44,36,6,2,4,25,19,1
0,2.5,8,7,7,35,34,5,4,3,24,17,3.5,12,3,8,48,31,6,1,5,23,17,1
0,3.5,4,5,13,23,43,2,2,7,10,19,2.0,8,9,5,35,25,4,3,4,14,13,1
0,1.5,6,5,11,22,35,3,3,6,12,20,4.5,12,9,2,37,19,5,5,2,18,11,2
0,1.0,8,9,6,40,36,5,4,3,20,15,2.0,5,6,12,21,41,4,3,5,10,21,2
0,2.5,7,5,10,36,39,4,2,5,20,16,4.0,11,9,3,46,32,5,4,3,25,20,2
0,5.0,15,5,3,43,20,10,1,1,24,9,1.5,6,5,11,22,35,3,2,5,10,15,1
0,3.5,12,3,8,48,31,6,2,3,25,14,2.5,7,5,10,36,39,3,3,5,16,23,0
0,3.5,8,8,7,44,36,2,6,3,19,17,0.5,4,6,13,26,42,2,4,6,15,19,0
0,3.0,6,8,8,26,32,3,4,4,11,14,2.5,8,7,7,35,34,3,3,4,11,17,0
0,2.0,10,7,5,40,24,5,4,2,23,15,3.5,4,5,13,23,43,2,3,6,13,24,0
0,2.0,8,9,5,35,25,4,6,1,21,12,1.0,1,6,16,16,61,0,4,7,8,35,0
0,4.0,11,9,3,46,32,6,5,0,21,12,2.0,5,6,12,21,41,4,3,5,10,21,1
0,4.5,12,9,2,37,19,7,4,0,19,8,1.0,8,9,6,40,36,3,5,3,20,21,0
0,3.5,16,4,3,67,32,8,3,0,42,16,0.5,5,3,14,18,41,1,3,7,8,22,0
0,0.5,5,3,14,18,41,4,0,7,10,19,4.5,12,9,2,37,19,5,5,2,18,11,2
0,2.0,5,6,12,21,41,1,3,7,11,20,3.5,8,8,7,44,36,6,2,4,25,19,2
0,4.0,11,9,3,46,32,6,5,0,21,12,3.5,16,4,3,67,32,8,1,3,25,16,1
0,1.0,8,9,6,40,36,5,4,3,20,15,3.5,4,5,13,23,43,2,3,6,13,24,2
0,2.5,8,7,7,35,34,5,4,3,24,17,2.0,8,9,5,35,25,4,3,4,14,13,2
0,1.0,1,6,16,16,61,1,2,9,8,26,3.5,12,3,8,48,31,6,1,5,23,17,2
0,1.5,6,5,11,22,35,3,3,6,12,20,2.0,10,7,5,40,24,5,3,3,17,9,0
0,0.5,4,6,13,26,42,2,2,7,11,23,5.0,15,5,3,43,20,5,4,2,19,11,2
0,2.5,7,5,10,36,39,4,2,5,20,16,3.0,6,8,8,26,32,3,4,4,15,18,1
0,3.0,6,8,8,26,32,3,4,4,11,14,4.0,11,9,3,46,32,5,4,3,25,20,1
0,3.5,12,3,8,48,31,6,2,3,25,14,0.5,5,3,14,18,41,1,3,7,8,22,1
0,3.5,8,8,7,44,36,2,6,3,19,17,1.0,1,6,16,16,61,0,4,7,8,35,1
0,3.5,16,4,3,67,32,8,3,0,42,16,2.0,5,6,12,21,41,4,3,5,10,21,1
0,4.5,12,9,2,37,19,7,4,0,19,8,0.5,4,6,13,26,42,2,4,6,15,19,1
0,5.0,15,5,3,43,20,10,1,1,24,9,1.0,8,9,6,40,36,3,5,3,20,21,1
0,2.5,6,7,10,25,35,5,4,3,14,11,3.0,3,11,9,33,41,3,4,5,19,22,1
0,2.0,9,8,7,31,27,6,3,3,18,12,3.5,13,5,5,47,35,4,2,5,16,22,1
0,1.0,2,9,13,19,47,1,5,6,5,20,2.0,13,1,8,47,25,6,0,5,19,15,2
0,4.0,6,8,9,26,33,4,3,5,18,19,0.0,3,3,17,23,55,0,2,10,9,33,1
0,2.0,9,8,6,37,34,3,5,3,15,15,0.5,3,6,14,24,41,1,3,7,11,20,0
0,3.5,13,7,3,45,20,8,2,1,23,8,2.5,9,3,11,33,34,4,2,6,14,17,1
0,2.0,15,4,4,45,28,6,3,3,24,18,3.0,7,7,10,32,37,2,4,6,11,17,1
0,3.0,3,11,9,33,41,0,7,4,14,19,3.5,12,7,4,53,31,6,4,1,23,13,2
0,2.5,9,3,11,33,34,5,1,5,19,17,2.0,6,7,10,25,42,4,2,5,13,21,2
0,0.5,3,6,14,24,41,2,3,7,13,21,3.0,13,4,7,38,32,6,2,4,20,18,2
0,4.5,16,5,2,57,24,9,1,1,32,14,2.5,6,7,10,25,35,1,3,7,11,24,1
0,2.5,6,7,11,32,43,2,4,6,14,21,2.0,9,8,6,37,34,6,3,3,22,19,2
0,2.0,9,8,7,31,27,6,3,3,18,12,3.0,6,7,10,25,33,3,4,5,16,21,1
0,2.0,13,1,8,47,25,7,1,3,28,10,4.0,6,8,9,26,33,2,5,4,8,14,1
0,0.0,3,3,17,23,55,3,1,7,14,22,2.0,15,4,4,45,28,9,1,1,21,10,2
0,3.5,13,5,5,47,35,9,3,0,31,13,3.5,13,7,3,45,20,5,5,2,22,12,0
0,3.0,7,7,10,32,37,5,3,4,21,20,1.0,2,9,13,19,47,1,4,7,14,27,1
0,3.0,6,7,10,25,33,3,3,5,9,12,2.5,6,7,11,32,43,4,3,5,18,22,2
0,2.0,6,7,10,25,42,2,5,5,12,21,4.5,16,5,2,57,24,7,4,1,25,10,2
0,3.0,13,4,7,38,32,7,2,3,18,14,3.5,12,7,4,53,31,6,4,1,23,13,2
0,2.5,6,7,10,25,35,5,4,3,14,11,2.5,9,3,11,33,34,4,2,6,14,17,2
0,2.0,9,8,6,37,34,3,5,3,15,15,0.0,3,3,17,23,55,0,2,10,9,33,1
0,3.0,6,7,10,25,33,3,3,5,9,12,3.5,13,5,5,47,35,4,2,5,16,22,2
0,3.5,12,7,4,53,31,6,3,3,30,18,0.5,3,6,14,24,41,1,3,7,11,20,1
0,3.0,13,4,7,38,32,7,2,3,18,14,4.5,16,5,2,57,24,7,4,1,25,10,0
0,1.0,2,9,13,19,47,1,5,6,5,20,2.0,9,8,7,31,27,3,5,4,13,15,1
0,2.0,6,7,10,25,42,2,5,5,12,21,3.0,7,7,10,32,37,2,4,6,11,17,1
0,2.0,15,4,4,45,28,6,3,3,24,18,2.5,6,7,11,32,43,4,3,5,18,22,1
0,2.0,13,1,8,47,25,7,1,3,28,10,3.5,12,7,4,53,31,6,4,1,23,13,1
0,4.5,16,5,2,57,24,9,1,1,32,14,2.0,15,4,4,45,28,9,1,1,21,10,2
0,2.5,9,3,11,33,34,5,1,5,19,17,3.0,13,4,7,38,32,6,2,4,20,18,1
0,0.0,3,3,17,23,55,3,1,7,14,22,3.5,13,7,3,45,20,5,5,2,22,12,0
0,3.0,7,7,10,32,37,5,3,4,21,20,2.0,9,8,6,37,34,6,3,3,22,19,2
0,3.0,3,11,9,33,41,0,7,4,14,19,0.5,3,6,14,24,41,1,3,7,11,20,2
0,2.5,6,7,11,32,43,2,4,6,14,21,2.5,6,7,10,25,35,1,3,7,11,24,0
0,3.0,6,7,10,25,33,3,3,5,9,12,1.0,2,9,13,19,47,1,4,7,14,27,1
0,3.5,13,5,5,47,35,9,3,0,31,13,2.0,6,7,10,25,42,4,2,5,13,21,1
0,2.0,9,8,7,31,27,6,3,3,18,12,4.0,6,8,9,26,33,2,5,4,8,14,0
0,2.0,9,8,6,37,34,3,5,3,15,15,3.0,3,11,9,33,41,3,4,5,19,22,0
0,3.5,12,7,4,53,31,6,3,3,30,18,2.5,9,3,11,33,34,4,2,6,14,17,2
0,4.0,6,8,9,26,33,4,3,5,18,19,4.5,16,5,2,57,24,7,4,1,25,10,2
0,3.0,13,4,7,38,32,7,2,3,18,14,3.0,7,7,10,32,37,2,4,6,11,17,1
0,0.5,3,6,14,24,41,2,3,7,13,21,0.0,3,3,17,23,55,0,2,10,9,33,1
0,1.0,2,9,13,19,47,1,5,6,5,20,2.5,6,7,11,32,43,4,3,5,18,22,0
0,2.0,6,7,10,25,42,2,5,5,12,21,2.0,13,1,8,47,25,6,0,5,19,15,2
0,2.5,6,7,10,25,35,5,4,3,14,11,3.0,6,7,10,25,33,3,4,5,16,21,1
0,3.5,13,7,3,45,20,8,2,1,23,8,2.0,9,8,7,31,27,3,5,4,13,15,0
0,2.0,15,4,4,45,28,6,3,3,24,18,3.5,13,5,5,47,35,4,2,5,16,22,0
0,0.0,3,3,17,23,55,3,1,7,14,22,3.5,12,7,4,53,31,6,4,1,23,13,2
0,4.5,16,5,2,57,24,9,1,1,32,14,1.0,2,9,13,19,47,1,4,7,14,27,0
0,3.0,7,7,10,32,37,5,3,4,21,20,0.5,3,6,14,24,41,1,3,7,11,20,1
0,3.0,6,7,10,25,33,3,3,5,9,12,2.0,15,4,4,45,28,9,1,1,21,10,2
0,3.0,3,11,9,33,41,0,7,4,14,19,3.0,13,4,7,38,32,6,2,4,20,18,2
0,2.5,6,7,11,32,43,2,4,6,14,21,3.5,13,7,3,45,20,5,5,2,22,12,2
0,2.0,13,1,8,47,25,7,1,3,28,10,2.0,9,8,6,37,34,6,3,3,22,19,2
0,3.5,13,5,5,47,35,9,3,0,31,13,2.5,6,7,10,25,35,1,3,7,11,24,1
0,2.5,9,3,11,33,34,5,1,5,19,17,4.0,6,8,9,26,33,2,5,4,8,14,0
0,2.0,9,8,7,31,27,6,3,3,18,12,2.0,6,7,10,25,42,4,2,5,13,21,1
0,4.0,6,8,9,26,33,4,3,5,18,19,3.0,3,11,9,33,41,3,4,5,19,22,2
0,2.0,9,8,6,37,34,3,5,3,15,15,3.0,6,7,10,25,33,3,4,5,16,21,0
0,0.5,3,6,14,24,41,2,3,7,13,21,2.5,9,3,11,33,34,4,2,6,14,17,1
0,2.0,6,7,10,25,42,2,5,5,12,21,2.5,6,7,11,32,43,4,3,5,18,22,2
0,1.0,2,9,13,19,47,1,5,6,5,20,2.5,6,7,10,25,35,1,3,7,11,24,0
0,3.0,13,4,7,38,32,7,2,3,18,14,3.5,13,7,3,45,20,5,5,2,22,12,0
0,3.5,12,7,4,53,31,6,3,3,30,18,4.5,16,5,2,57,24,7,4,1,25,10,0
0,3.0,3,11,9,33,41,0,7,4,14,19,0.0,3,3,17,23,55,0,2,10,9,33,0
0,4.0,6,8,9,26,33,4,3,5,18,19,3.5,13,5,5,47,35,4,2,5,16,22,2
0,3.0,7,7,10,32,37,5,3,4,21,20,2.0,13,1,8,47,25,6,0,5,19,15,2
0,2.0,15,4,4,45,28,6,3,3,24,18,2.0,9,8,7,31,27,3,5,4,13,15,0
0,0.0,3,3,17,23,55,3,1,7,14,22,3.0,13,4,7,38,32,6,2,4,20,18,2
0,2.5,6,7,11,32,43,2,4,6,14,21,3.5,12,7,4,53,31,6,4,1,23,13,0
0,3.5,13,7,3,45,20,8,2,1,23,8,0.5,3,6,14,24,41,1,3,7,11,20,1
0,2.5,6,7,10,25,35,5,4,3,14,11,2.0,6,7,10,25,42,4,2,5,13,21,2
0,4.5,16,5,2,57,24,9,1,1,32,14,3.0,3,11,9,33,41,3,4,5,19,22,1
0,3.5,13,5,5,47,35,9,3,0,31,13,1.0,2,9,13,19,47,1,4,7,14,27,1
0,2.5,9,3,11,33,34,5,1,5,19,17,3.0,7,7,10,32,37,2,4,6,11,17,2
0,2.0,9,8,7,31,27,6,3,3,18,12,2.0,9,8,6,37,34,6,3,3,22,19,2
0,3.0,6,7,10,25,33,3,3,5,9,12,4.0,6,8,9,26,33,2,5,4,8,14,1
0,2.0,13,1,8,47,25,7,1,3,28,10,2.0,15,4,4,45,28,9,1,1,21,10,2
0,2.0,9,8,6,37,34,3,5,3,15,15,4.5,16,5,2,57,24,7,4,1,25,10,2
0,2.0,6,7,10,25,42,2,5,5,12,21,3.5,13,7,3,45,20,5,5,2,22,12,0
0,3.5,12,7,4,53,31,6,3,3,30,18,2.0,9,8,7,31,27,3,5,4,13,15,2
0,3.0,13,4,7,38,32,7,2,3,18,14,3.0,6,7,10,25,33,3,4,5,16,21,2
0,2.0,15,4,4,45,28,6,3,3,24,18,2.5,6,7,10,25,35,1,3,7,11,24,1
0,3.0,7,7,10,32,37,5,3,4,21,20,0.0,3,3,17,23,55,0,2,10,9,33,1
0,0.5,3,6,14,24,41,2,3,7,13,21,2.5,6,7,11,32,43,4,3,5,18,22,0
0,2.0,13,1,8,47,25,7,1,3,28,10,3.5,13,5,5,47,35,4,2,5,16,22,1
0,3.0,3,11,9,33,41,0,7,4,14,19,2.5,9,3,11,33,34,4,2,6,14,17,0
0,4.0,6,8,9,26,33,4,3,5,18,19,1.0,2,9,13,19,47,1,4,7,14,27,2
0,2.5,6,7,11,32,43,2,4,6,14,21,3.0,13,4,7,38,32,6,2,4,20,18,2
0,3.5,13,7,3,45,20,8,2,1,23,8,3.0,3,11,9,33,41,3,4,5,19,22,1
0,4.5,16,5,2,57,24,9,1,1,32,14,3.0,7,7,10,32,37,2,4,6,11,17,1
0,2.0,9,8,7,31,27,6,3,3,18,12,0.5,3,6,14,24,41,1,3,7,11,20,0
0,3.5,13,5,5,47,35,9,3,0,31,13,2.0,9,8,6,37,34,6,3,3,22,19,0
0,1.0,2,9,13,19,47,1,5,6,5,20,2.0,6,7,10,25,42,4,2,5,13,21,0
0,0.0,3,3,17,23,55,3,1,7,14,22,2.0,13,1,8,47,25,6,0,5,19,15,2
0,2.5,9,3,11,33,34,5,1,5,19,17,2.0,15,4,4,45,28,9,1,1,21,10,2
0,2.5,6,7,10,25,35,5,4,3,14,11,4.0,6,8,9,26,33,2,5,4,8,14,0
0,2.0,9,8,6,37,34,3,5,3,15,15,2.0,6,7,10,25,42,4,2,5,13,21,1
0,0.0,3,3,17,23,55,3,1,7,14,22,2.5,6,7,11,32,43,4,3,5,18,22,1
0,3.0,3,11,9,33,41,0,7,4,14,19,3.0,6,7,10,25,33,3,4,5,16,21,2
0,3.0,13,4,7,38,32,7,2,3,18,14,2.0,9,8,7,31,27,3,5,4,13,15,2
0,0.5,3,6,14,24,41,2,3,7,13,21,4.5,16,5,2,57,24,7,4,1,25,10,2
0,2.0,13,1,8,47,25,7,1,3,28,10,2.5,9,3,11,33,34,4,2,6,14,17,1
0,3.5,12,7,4,53,31,6,3,3,30,18,2.5,6,7,10,25,35,1,3,7,11,24,1
0,3.0,7,7,10,32,37,5,3,4,21,20,3.5,13,5,5,47,35,4,2,5,16,22,2
0,4.0,6,8,9,26,33,4,3,5,18,19,3.5,13,7,3,45,20,5,5,2,22,12,2
0,2.0,15,4,4,45,28,6,3,3,24,18,1.0,2,9,13,19,47,1,4,7,14,27,0
0,3.0,6,7,10,25,33,3,3,5,9,12,0.0,3,3,17,23,55,0,2,10,9,33,0
0,2.0,6,7,10,25,42,2,5,5,12,21,3.0,13,4,7,38,32,6,2,4,20,18,0
0,3.5,13,7,3,45,20,8,2,1,23,8,3.5,12,7,4,53,31,6,4,1,23,13,0
0,4.5,16,5,2,57,24,9,1,1,32,14,2.0,13,1,8,47,25,6,0,5,19,15,1
0,2.5,6,7,10,25,35,5,4,3,14,11,2.0,9,8,6,37,34,6,3,3,22,19,0
0,1.0,2,9,13,19,47,1,5,6,5,20,0.5,3,6,14,24,41,1,3,7,11,20,0
0,4.0,6,8,9,26,33,4,3,5,18,19,2.0,15,4,4,45,28,9,1,1,21,10,0
0,2.5,6,7,11,32,43,2,4,6,14,21,3.0,7,7,10,32,37,2,4,6,11,17,0
0,2.0,9,8,7,31,27,6,3,3,18,12,2.5,9,3,11,33,34,4,2,6,14,17,2
0,3.5,13,5,5,47,35,9,3,0,31,13,3.0,3,11,9,33,41,3,4,5,19,22,1
0,2.5,6,7,10,25,35,5,4,3,14,11,2.0,9,8,7,31,27,3,5,4,13,15,0
0,2.5,9,3,11,33,34,5,1,5,19,17,0.0,3,3,17,23,55,0,2,10,9,33,1
0,1.0,2,9,13,19,47,1,5,6,5,20,3.5,13,7,3,45,20,5,5,2,22,12,2
0,3.0,3,11,9,33,41,0,7,4,14,19,3.0,7,7,10,32,37,2,4,6,11,17,0
0,4.5,16,5,2,57,24,9,1,1,32,14,2.5,6,7,11,32,43,4,3,5,18,22,1
0,0.5,3,6,14,24,41,2,3,7,13,21,3.0,6,7,10,25,33,3,4,5,16,21,0
0,2.0,9,8,6,37,34,3,5,3,15,15,2.0,15,4,4,45,28,9,1,1,21,10,2
0,2.0,6,7,10,25,42,2,5,5,12,21,4.0,6,8,9,26,33,2,5,4,8,14,1
0,3.5,12,7,4,53,31,6,3,3,30,18,3.5,13,5,5,47,35,4,2,5,16,22,1
0,3.0,13,4,7,38,32,7,2,3,18,14,2.0,13,1,8,47,25,6,0,5,19,15,1
0,0.0,3,3,17,23,55,3,1,7,14,22,1.0,2,9,13,19,47,1,4,7,14,27,1
0,3.5,13,7,3,45,20,8,2,1,23,8,2.5,6,7,10,25,35,1,3,7,11,24,2
0,2.0,9,8,7,31,27,6,3,3,18,12,4.5,16,5,2,57,24,7,4,1,25,10,2
0,2.0,13,1,8,47,25,7,1,3,28,10,3.0,3,11,9,33,41,3,4,5,19,22,0
0,3.5,13,5,5,47,35,9,3,0,31,13,0.5,3,6,14,24,41,1,3,7,11,20,1
0,2.0,15,4,4,45,28,6,3,3,24,18,3.0,13,4,7,38,32,6,2,4,20,18,1
0,3.0,6,7,10,25,33,3,3,5,9,12,2.0,6,7,10,25,42,4,2,5,13,21,2
0,2.5,9,3,11,33,34,5,1,5,19,17,2.0,9,8,6,37,34,6,3,3,22,19,2
0,3.0,7,7,10,32,37,5,3,4,21,20,3.5,12,7,4,53,31,6,4,1,23,13,0
0,2.5,6,7,11,32,43,2,4,6,14,21,4.0,6,8,9,26,33,2,5,4,8,14,2
0,4.5,16,5,2,57,24,9,1,1,32,14,0.0,3,3,17,23,55,0,2,10,9,33,1
0,2.5,6,7,10,25,35,5,4,3,14,11,3.0,7,7,10,32,37,2,4,6,11,17,0
0,3.5,13,5,5,47,35,9,3,0,31,13,2.5,9,3,11,33,34,4,2,6,14,17,1
0,1.0,2,9,13,19,47,1,5,6,5,20,3.0,3,11,9,33,41,3,4,5,19,22,2
0,3.5,12,7,4,53,31,6,3,3,30,18,2.0,9,8,6,37,34,6,3,3,22,19,1
0,0.5,3,6,14,24,41,2,3,7,13,21,2.0,13,1,8,47,25,6,0,5,19,15,2
0,4.0,6,8,9,26,33,4,3,5,18,19,3.0,13,4,7,38,32,6,2,4,20,18,0
0,2.5,6,7,11,32,43,2,4,6,14,21,2.0,9,8,7,31,27,3,5,4,13,15,2
0,2.0,6,7,10,25,42,2,5,5,12,21,2.0,15,4,4,45,28,9,1,1,21,10,2
0,3.5,13,7,3,45,20,8,2,1,23,8,3.0,6,7,10,25,33,3,4,5,16,21,1
0,0.5,3,6,14,24,41,2,3,7,13,21,2.0,6,7,10,25,42,4,2,5,13,21,2
0,3.0,13,4,7,38,32,7,2,3,18,14,2.5,6,7,10,25,35,1,3,7,11,24,1
0,3.5,12,7,4,53,31,6,3,3,30,18,1.0,2,9,13,19,47,1,4,7,14,27,1
0,2.5,9,3,11,33,34,5,1,5,19,17,4.5,16,5,2,57,24,7,4,1,25,10,1
0,3.0,3,11,9,33,41,0,7,4,14,19,2.0,9,8,7,31,27,3,5,4,13,15,0
0,3.0,7,7,10,32,37,5,3,4,21,20,3.0,6,7,10,25,33,3,4,5,16,21,0
0,2.0,9,8,6,37,34,3,5,3,15,15,4.0,6,8,9,26,33,2,5,4,8,14,1
0,0.0,3,3,17,23,55,3,1,7,14,22,3.5,13,5,5,47,35,4,2,5,16,22,2
0,2.0,13,1,8,47,25,7,1,3,28,10,2.5,6,7,11,32,43,4,3,5,18,22,2
0,2.0,15,4,4,45,28,6,3,3,24,18,3.5,13,7,3,45,20,5,5,2,22,12,2
0,2.0,6,7,10,25,42,2,5,5,12,21,3.5,12,7,4,53,31,6,4,1,23,13,2
0,4.0,6,8,9,26,33,4,3,5,18,19,3.0,7,7,10,32,37,2,4,6,11,17,1
0,2.0,15,4,4,45,28,6,3,3,24,18,3.0,3,11,9,33,41,3,4,5,19,22,1
0,3.5,13,5,5,47,35,9,3,0,31,13,4.5,16,5,2,57,24,7,4,1,25,10,0
0,1.0,2,9,13,19,47,1,5,6,5,20,3.0,13,4,7,38,32,6,2,4,20,18,2
0,3.0,6,7,10,25,33,3,3,5,9,12,2.0,13,1,8,47,25,6,0,5,19,15,2
0,2.0,9,8,7,31,27,6,3,3,18,12,0.0,3,3,17,23,55,0,2,10,9,33,1
0,2.5,6,7,10,25,35,5,4,3,14,11,0.5,3,6,14,24,41,1,3,7,11,20,1
0,3.5,13,7,3,45,20,8,2,1,23,8,2.0,9,8,6,37,34,6,3,3,22,19,1
0,2.5,6,7,11,32,43,2,4,6,14,21,2.5,9,3,11,33,34,4,2,6,14,17,1
0,3.0,13,4,7,38,32,7,2,3,18,14,3.5,13,5,5,47,35,4,2,5,16,22,1
0,3.0,7,7,10,32,37,5,3,4,21,20,2.0,9,8,7,31,27,3,5,4,13,15,1
0,3.0,3,11,9,33,41,0,7,4,14,19,2.5,6,7,11,32,43,4,3,5,18,22,0
0,2.5,9,3,11,33,34,5,1,5,19,17,3.0,6,7,10,25,33,3,4,5,16,21,1
0,2.0,13,1,8,47,25,7,1,3,28,10,2.5,6,7,10,25,35,1,3,7,11,24,1
0,2.0,9,8,6,37,34,3,5,3,15,15,1.0,2,9,13,19,47,1,4,7,14,27,0
0,0.0,3,3,17,23,55,3,1,7,14,22,2.0,6,7,10,25,42,4,2,5,13,21,1
0,3.5,12,7,4,53,31,6,3,3,30,18,4.0,6,8,9,26,33,2,5,4,8,14,0
0,4.5,16,5,2,57,24,9,1,1,32,14,3.5,13,7,3,45,20,5,5,2,22,12,1
0,0.5,3,6,14,24,41,2,3,7,13,21,2.0,15,4,4,45,28,9,1,1,21,10,2
0,3.0,6,7,10,25,33,3,3,5,9,12,3.5,12,7,4,53,31,6,4,1,23,13,0
0,2.0,6,7,10,25,42,2,5,5,12,21,3.0,3,11,9,33,41,3,4,5,19,22,0
0,3.5,13,5,5,47,35,9,3,0,31,13,2.5,6,7,11,32,43,4,3,5,18,22,1
0,2.0,15,4,4,45,28,6,3,3,24,18,3.5,12,7,4,53,31,6,4,1,23,13,2
0,3.0,6,7,10,25,33,3,3,5,9,12,4.5,16,5,2,57,24,7,4,1,25,10,0
0,2.5,6,7,10,25,35,5,4,3,14,11,0.0,3,3,17,23,55,0,2,10,9,33,1
0,3.5,13,7,3,45,20,8,2,1,23,8,3.0,7,7,10,32,37,2,4,6,11,17,1
0,4.0,6,8,9,26,33,4,3,5,18,19,0.5,3,6,14,24,41,1,3,7,11,20,1
0,2.0,9,8,7,31,27,6,3,3,18,12,2.0,13,1,8,47,25,6,0,5,19,15,1
0,3.0,13,4,7,38,32,7,2,3,18,14,2.0,9,8,6,37,34,6,3,3,22,19,1
0,1.0,2,9,13,19,47,1,5,6,5,20,2.5,9,3,11,33,34,4,2,6,14,17,2
0,3.0,3,11,9,33,41,0,7,4,14,19,2.5,6,7,10,25,35,1,3,7,11,24,0
0,3.0,7,7,10,32,37,5,3,4,21,20,2.0,15,4,4,45,28,9,1,1,21,10,2
0,2.5,9,3,11,33,34,5,1,5,19,17,3.5,13,7,3,45,20,5,5,2,22,12,2
0,4.5,16,5,2,57,24,9,1,1,32,14,2.0,6,7,10,25,42,4,2,5,13,21,1
0,2.5,6,7,11,32,43,2,4,6,14,21,3.0,6,7,10,25,33,3,4,5,16,21,2
0,3.5,12,7,4,53,31,6,3,3,30,18,3.0,13,4,7,38,32,6,2,4,20,18,2
0,0.5,3,6,14,24,41,2,3,7,13,21,2.0,9,8,6,37,34,6,3,3,22,19,0
0,0.0,3,3,17,23,55,3,1,7,14,22,4.0,6,8,9,26,33,2,5,4,8,14,2
0,2.0,13,1,8,47,25,7,1,3,28,10,1.0,2,9,13,19,47,1,4,7,14,27,1
0,3.5,13,5,5,47,35,9,3,0,31,13,2.0,9,8,7,31,27,3,5,4,13,15,1
0,2.5,6,7,10,25,35,5,4,3,14,11,4.5,16,5,2,57,24,7,4,1,25,10,2
0,3.5,12,7,4,53,31,6,3,3,30,18,3.0,3,11,9,33,41,3,4,5,19,22,0
0,2.0,9,8,6,37,34,3,5,3,15,15,2.5,6,7,11,32,43,4,3,5,18,22,2
0,3.5,13,7,3,45,20,8,2,1,23,8,3.5,13,5,5,47,35,4,2,5,16,22,1
0,4.0,6,8,9,26,33,4,3,5,18,19,2.0,13,1,8,47,25,6,0,5,19,15,1
0,2.0,6,7,10,25,42,2,5,5,12,21,2.5,9,3,11,33,34,4,2,6,14,17,0
0,2.0,15,4,4,45,28,6,3,3,24,18,0.0,3,3,17,23,55,0,2,10,9,33,1
0,3.0,6,7,10,25,33,3,3,5,9,12,2.0,9,8,7,31,27,3,5,4,13,15,1
0,1.0,2,9,13,19,47,1,5,6,5,20,3.0,7,7,10,32,37,2,4,6,11,17,2
0,3.0,13,4,7,38,32,7,2,3,18,14,0.5,3,6,14,24,41,1,3,7,11,20,1
0,3.0,7,7,10,32,37,5,3,4,21,20,2.0,6,7,10,25,42,4,2,5,13,21,0
0,3.0,3,11,9,33,41,0,7,4,14,19,4.0,6,8,9,26,33,2,5,4,8,14,0
0,2.0,13,1,8,47,25,7,1,3,28,10,3.5,13,7,3,45,20,5,5,2,22,12,1
0,2.5,6,7,11,32,43,2,4,6,14,21,2.0,15,4,4,45,28,9,1,1,21,10,1
0,3.5,13,5,5,47,35,9,3,0,31,13,3.0,6,7,10,25,33,3,4,5,16,21,1
0,2.5,9,3,11,33,34,5,1,5,19,17,2.5,6,7,10,25,35,1,3,7,11,24,1
0,0.5,3,6,14,24,41,2,3,7,13,21,3.5,12,7,4,53,31,6,4,1,23,13,2
0,0.0,3,3,17,23,55,3,1,7,14,22,2.0,9,8,6,37,34,6,3,3,22,19,2
0,4.5,16,5,2,57,24,9,1,1,32,14,3.0,13,4,7,38,32,6,2,4,20,18,1
0,2.0,9,8,7,31,27,6,3,3,18,12,1.0,2,9,13,19,47,1,4,7,14,27,1
0,2.5,6,7,10,25,35,5,4,3,14,11,2.5,6,7,11,32,43,4,3,5,18,22,1
0,0.5,3,6,14,24,41,2,3,7,13,21,3.0,3,11,9,33,41,3,4,5,19,22,2
0,3.0,13,4,7,38,32,7,2,3,18,14,2.5,9,3,11,33,34,4,2,6,14,17,1
0,4.0,6,8,9,26,33,4,3,5,18,19,2.0,9,8,7,31,27,3,5,4,13,15,0
0,2.0,9,8,6,37,34,3,5,3,15,15,3.0,7,7,10,32,37,2,4,6,11,17,0
0,1.0,2,9,13,19,47,1,5,6,5,20,3.0,6,7,10,25,33,3,4,5,16,21,0
0,2.0,15,4,4,45,28,6,3,3,24,18,4.5,16,5,2,57,24,7,4,1,25,10,2
0,3.5,12,7,4,53,31,6,3,3,30,18,2.0,13,1,8,47,25,6,0,5,19,15,1
0,2.0,6,7,10,25,42,2,5,5,12,21,3.5,13,5,5,47,35,4,2,5,16,22,0
0,3.5,13,7,3,45,20,8,2,1,23,8,0.0,3,3,17,23,55,0,2,10,9,33,1
0,2.5,6,7,11,32,43,2,4,6,14,21,1.0,2,9,13,19,47,1,4,7,14,27,0
0,3.0,7,7,10,32,37,5,3,4,21,20,3.0,13,4,7,38,32,6,2,4,20,18,1
0,2.0,9,8,7,31,27,6,3,3,18,12,3.5,13,7,3,45,20,5,5,2,22,12,0
0,1.0,4,10,11,20,28,1,6,6,7,14,2.5,7,8,9,29,36,1,7,5,11,18,0
0,1.0,8,6,10,29,41,6,3,3,17,15,2.5,8,6,10,34,28,2,4,6,14,17,1
0,0.5,6,7,11,21,40,2,4,6,11,21,3.0,7,7,11,23,33,3,4,6,10,16,2
0,1.5,5,7,13,20,39,3,4,6,10,16,3.5,11,3,10,32,38,5,1,6,16,23,2
0,1.0,4,9,11,22,35,2,4,6,12,20,4.0,11,8,5,41,20,6,3,3,19,10,0
0,2.0,8,13,3,33,25,5,6,1,18,12,2.5,3,11,11,22,36,1,6,6,13,22,0
0,2.5,6,9,10,30,35,4,5,3,18,14,2.5,7,11,7,35,34,3,4,5,15,17,1
0,2.0,8,13,3,33,25,5,6,1,18,12,1.0,4,10,11,20,28,3,4,5,13,14,1
0,1.0,7,6,12,20,30,5,3,5,12,9,3.0,7,7,11,23,33,3,4,6,10,16,1
0,2.5,7,8,9,29,36,6,1,4,18,18,2.5,6,9,10,30,35,2,4,7,12,21,1
0,2.5,3,11,11,22,36,2,5,5,9,14,0.5,6,7,11,21,40,4,3,5,10,19,2
0,3.5,11,3,10,32,38,6,2,4,16,15,1.0,4,9,11,22,35,2,5,5,10,15,1
0,1.0,8,6,10,29,41,6,3,3,17,15,1.5,5,7,13,20,39,2,3,7,10,23,1
0,4.0,11,8,5,41,20,5,5,2,22,10,4.0,16,4,4,42,19,8,4,1,22,12,0
0,1.5,5,7,13,20,39,3,4,6,10,16,1.0,7,6,12,20,30,2,3,7,8,21,0
0,2.5,6,9,10,30,35,4,5,3,18,14,2.5,3,11,11,22,36,1,6,6,13,22,0
0,1.5,4,9,10,20,34,2,6,4,11,17,4.0,11,8,5,41,20,6,3,3,19,10,2
0,3.5,11,3,10,32,38,6,2,4,16,15,4.0,16,4,4,42,19,8,4,1,22,12,2
0,3.0,7,7,11,23,33,4,3,5,13,17,2.5,7,11,7,35,34,3,4,5,15,17,2
0,1.0,4,10,11,20,28,1,6,6,7,14,2.5,8,6,10,34,28,2,4,6,14,17,2
0,3.0,17,4,2,45,16,9,2,1,26,7,1.0,8,6,10,29,41,2,3,7,12,26,1
0,1.0,4,9,11,22,35,2,4,6,12,20,2.5,7,8,9,29,36,1,7,5,11,18,0
0,0.5,6,7,11,21,40,2,4,6,11,21,4.0,15,3,6,34,18,7,2,3,15,9,2
0,4.5,16,5,4,55,22,8,4,1,32,13,2.0,8,13,3,33,25,3,7,2,15,13,1
0,4.0,11,8,5,41,20,5,5,2,22,10,2.5,6,9,10,30,35,2,4,7,12,21,2
0,1.0,7,6,12,20,30,5,3,5,12,9,3.5,11,3,10,32,38,5,1,6,16,23,1
0,2.0,8,13,3,33,25,5,6,1,18,12,1.5,5,7,13,20,39,2,3,7,10,23,1
0,2.5,3,11,11,22,36,2,5,5,9,14,3.0,17,4,2,45,16,8,2,1,19,9,0
0,4.0,16,4,4,42,19,8,0,3,20,7,1.0,4,9,11,22,35,2,5,5,10,15,1
0,1.0,4,10,11,20,28,1,6,6,7,14,1.5,4,9,10,20,34,2,3,6,9,17,2
0,4.0,15,3,6,34,18,8,1,3,19,9,2.5,7,11,7,35,34,3,4,5,15,17,1
0,2.5,8,6,10,34,28,6,2,4,20,11,0.5,6,7,11,21,40,4,3,5,10,19,2
0,2.5,7,8,9,29,36,6,1,4,18,18,4.5,16,5,4,55,22,8,1,3,23,9,2
0,1.0,4,9,11,22,35,2,4,6,12,20,1.0,4,10,11,20,28,3,4,5,13,14,2
0,3.0,17,4,2,45,16,9,2,1,26,7,2.0,8,13,3,33,25,3,7,2,15,13,0
0,4.0,11,8,5,41,20,5,5,2,22,10,1.0,7,6,12,20,30,2,3,7,8,21,1
0,1.5,4,9,10,20,34,2,6,4,11,17,2.5,3,11,11,22,36,1,6,6,13,22,0
0,2.5,6,9,10,30,35,4,5,3,18,14,3.5,11,3,10,32,38,5,1,6,16,23,2
0,3.0,7,7,11,23,33,4,3,5,13,17,2.5,7,8,9,29,36,1,7,5,11,18,1
0,1.5,5,7,13,20,39,3,4,6,10,16,2.5,8,6,10,34,28,2,4,6,14,17,1
0,2.5,7,11,7,35,34,4,7,2,20,17,4.0,16,4,4,42,19,8,4,1,22,12,2
0,0.5,6,7,11,21,40,2,4,6,11,21,1.0,8,6,10,29,41,2,3,7,12,26,0
0,4.5,16,5,4,55,22,8,4,1,32,13,4.0,15,3,6,34,18,7,2,3,15,9,0
0,1.0,8,6,10,29,41,6,3,3,17,15,4.0,15,3,6,34,18,7,2,3,15,9,1
0,2.5,7,8,9,29,36,6,1,4,18,18,3.0,17,4,2,45,16,8,2,1,19,9,2
0,4.0,16,4,4,42,19,8,0,3,20,7,0.5,6,7,11,21,40,4,3,5,10,19,2
0,1.0,7,6,12,20,30,5,3,5,12,9,4.5,16,5,4,55,22,8,1,3,23,9,1
0,1.0,4,10,11,20,28,1,6,6,7,14,3.0,7,7,11,23,33,3,4,6,10,16,0
0,2.5,8,6,10,34,28,6,2,4,20,11,2.5,7,11,7,35,34,3,4,5,15,17,1
0,2.0,8,13,3,33,25,5,6,1,18,12,2.5,6,9,10,30,35,2,4,7,12,21,1
0,2.5,3,11,11,22,36,2,5,5,9,14,1.0,4,9,11,22,35,2,5,5,10,15,0
0,1.5,5,7,13,20,39,3,4,6,10,16,1.5,4,9,10,20,34,2,3,6,9,17,2
0,3.5,11,3,10,32,38,6,2,4,16,15,4.0,11,8,5,41,20,6,3,3,19,10,2
0,1.5,4,9,10,20,34,2,6,4,11,17,2.5,6,9,10,30,35,2,4,7,12,21,1
0,4.5,16,5,4,55,22,8,4,1,32,13,4.0,16,4,4,42,19,8,4,1,22,12,2
0,3.0,7,7,11,23,33,4,3,5,13,17,2.5,8,6,10,34,28,2,4,6,14,17,1
0,4.0,15,3,6,34,18,8,1,3,19,9,1.0,4,10,11,20,28,3,4,5,13,14,2
0,3.0,17,4,2,45,16,9,2,1,26,7,3.5,11,3,10,32,38,5,1,6,16,23,1
0,1.0,4,9,11,22,35,2,4,6,12,20,1.5,5,7,13,20,39,2,3,7,10,23,2
0,0.5,6,7,11,21,40,2,4,6,11,21,2.0,8,13,3,33,25,3,7,2,15,13,0
0,1.0,7,6,12,20,30,5,3,5,12,9,1.0,8,6,10,29,41,2,3,7,12,26,2
0,4.0,11,8,5,41,20,5,5,2,22,10,2.5,3,11,11,22,36,1,6,6,13,22,1
0,2.5,7,11,7,35,34,4,7,2,20,17,2.5,7,8,9,29,36,1,7,5,11,18,0
0,1.0,4,10,11,20,28,1,6,6,7,14,0.5,6,7,11,21,40,4,3,5,10,19,2
0,4.0,16,4,4,42,19,8,0,3,20,7,2.5,3,11,11,22,36,1,6,6,13,22,1
0,2.5,8,6,10,34,28,6,2,4,20,11,4.0,15,3,6,34,18,7,2,3,15,9,1
0,3.0,7,7,11,23,33,4,3,5,13,17,3.0,17,4,2,45,16,8,2,1,19,9,2
0,1.5,5,7,13,20,39,3,4,6,10,16,4.5,16,5,4,55,22,8,1,3,23,9,0
0,3.5,11,3,10,32,38,6,2,4,16,15,1.5,4,9,10,20,34,2,3,6,9,17,1
0,2.5,7,8,9,29,36,6,1,4,18,18,4.0,11,8,5,41,20,6,3,3,19,10,2
0,1.0,8,6,10,29,41,6,3,3,17,15,2.5,7,11,7,35,34,3,4,5,15,17,0
0,2.5,6,9,10,30,35,4,5,3,18,14,1.0,7,6,12,20,30,2,3,7,8,21,0
0,2.0,8,13,3,33,25,5,6,1,18,12,1.0,4,9,11,22,35,2,5,5,10,15,1
0,1.5,4,9,10,20,34,2,6,4,11,17,2.5,7,8,9,29,36,1,7,5,11,18,0
0,2.5,3,11,11,22,36,2,5,5,9,14,1.0,4,10,11,20,28,3,4,5,13,14,0
0,4.5,16,5,4,55,22,8,4,1,32,13,3.5,11,3,10,32,38,5,1,6,16,23,1
0,4.0,15,3,6,34,18,8,1,3,19,9,3.0,7,7,11,23,33,3,4,6,10,16,1
0,3.0,17,4,2,45,16,9,2,1,26,7,0.5,6,7,11,21,40,4,3,5,10,19,1
0,1.0,7,6,12,20,30,5,3,5,12,9,2.0,8,13,3,33,25,3,7,2,15,13,2
0,4.0,11,8,5,41,20,5,5,2,22,10,1.0,8,6,10,29,41,2,3,7,12,26,1
0,2.5,7,11,7,35,34,4,7,2,20,17,1.5,5,7,13,20,39,2,3,7,10,23,0
0,1.0,4,9,11,22,35,2,4,6,12,20,2.5,8,6,10,34,28,2,4,6,14,17,1
0,2.5,6,9,10,30,35,4,5,3,18,14,4.0,16,4,4,42,19,8,4,1,22,12,1
0,3.0,7,7,11,23,33,4,3,5,13,17,2.5,3,11,11,22,36,1,6,6,13,22,0
0,2.5,7,11,7,35,34,4,7,2,20,17,1.5,4,9,10,20,34,2,3,6,9,17,0
0,2.0,8,13,3,33,25,5,6,1,18,12,4.0,16,4,4,42,19,8,4,1,22,12,0
0,4.0,15,3,6,34,18,8,1,3,19,9,2.5,7,8,9,29,36,1,7,5,11,18,1
0,3.0,17,4,2,45,16,9,2,1,26,7,4.5,16,5,4,55,22,8,1,3,23,9,1
0,1.0,4,10,11,20,28,1,6,6,7,14,1.0,7,6,12,20,30,2,3,7,8,21,0
0,0.5,6,7,11,21,40,2,4,6,11,21,4.0,11,8,5,41,20,6,3,3,19,10,2
0,1.0,8,6,10,29,41,6,3,3,17,15,1.0,4,9,11,22,35,2,5,5,10,15,2
0,1.5,5,7,13,20,39,3,4,6,10,16,2.5,6,9,10,30,35,2,4,7,12,21,0
0,2.5,8,6,10,34,28,6,2,4,20,11,3.5,11,3,10,32,38,5,1,6,16,23,1
0,1.0,4,9,11,22,35,2,4,6,12,20,2.5,7,11,7,35,34,3,4,5,15,17,0
0,1.5,4,9,10,20,34,2,6,4,11,17,0.5,6,7,11,21,40,4,3,5,10,19,0
0,2.5,6,9,10,30,35,4,5,3,18,14,3.0,17,4,2,45,16,8,2,1,19,9,2
0,2.5,3,11,11,22,36,2,5,5,9,14,4.0,15,3,6,34,18,7,2,3,15,9,2
0,4.0,16,4,4,42,19,8,0,3,20,7,1.5,5,7,13,20,39,2,3,7,10,23,2
0,4.5,16,5,4,55,22,8,4,1,32,13,3.0,7,7,11,23,33,3,4,6,10,16,1
0,1.0,7,6,12,20,30,5,3,5,12,9,2.5,8,6,10,34,28,2,4,6,14,17,0
0,2.5,7,8,9,29,36,6,1,4,18,18,1.0,8,6,10,29,41,2,3,7,12,26,1
0,4.0,11,8,5,41,20,5,5,2,22,10,2.0,8,13,3,33,25,3,7,2,15,13,0
0,3.5,11,3,10,32,38,6,2,4,16,15,1.0,4,10,11,20,28,3,4,5,13,14,2
0,2.5,8,6,10,34,28,6,2,4,20,11,2.5,7,8,9,29,36,1,7,5,11,18,2
0,2.5,7,11,7,35,34,4,7,2,20,17,1.0,7,6,12,20,30,2,3,7,8,21,1
0,4.0,15,3,6,34,18,8,1,3,19,9,4.0,16,4,4,42,19,8,4,1,22,12,2
0,3.0,17,4,2,45,16,9,2,1,26,7,1.0,4,9,11,22,35,2,5,5,10,15,1
0,0.5,6,7,11,21,40,2,4,6,11,21,4.5,16,5,4,55,22,8,1,3,23,9,1
0,1.0,8,6,10,29,41,6,3,3,17,15,2.5,3,11,11,22,36,1,6,6,13,22,0
0,3.0,7,7,11,23,33,4,3,5,13,17,3.5,11,3,10,32,38,5,1,6,16,23,2
0,2.0,8,13,3,33,25,5,6,1,18,12,1.5,4,9,10,20,34,2,3,6,9,17,0
0,1.5,5,7,13,20,39,3,4,6,10,16,4.0,11,8,5,41,20,6,3,3,19,10,0
0,1.0,4,10,11,20,28,1,6,6,7,14,2.5,6,9,10,30,35,2,4,7,12,21,0
0,1.0,4,9,11,22,35,2,4,6,12,20,3.0,7,7,11,23,33,3,4,6,10,16,1
0,2.5,6,9,10,30,35,4,5,3,18,14,2.5,8,6,10,34,28,2,4,6,14,17,0
0,1.0,7,6,12,20,30,5,3,5,12,9,4.0,15,3,6,34,18,7,2,3,15,9,2
0,2.5,3,11,11,22,36,2,5,5,9,14,1.5,5,7,13,20,39,2,3,7,10,23,1
0,4.0,16,4,4,42,19,8,0,3,20,7,3.0,17,4,2,45,16,8,2,1,19,9,1
0,4.0,11,8,5,41,20,5,5,2,22,10,1.0,4,10,11,20,28,3,4,5,13,14,0
0,3.5,11,3,10,32,38,6,2,4,16,15,2.0,8,13,3,33,25,3,7,2,15,13,0
0,1.5,4,9,10,20,34,2,6,4,11,17,1.0,8,6,10,29,41,2,3,7,12,26,2
0,4.5,16,5,4,55,22,8,4,1,32,13,2.5,7,11,7,35,34,3,4,5,15,17,1
0,2.5,7,8,9,29,36,6,1,4,18,18,0.5,6,7,11,21,40,4,3,5,10,19,1
0,4.0,16,4,4,42,19,8,0,3,20,7,2.5,8,6,10,34,28,2,4,6,14,17,1
0,4.5,16,5,4,55,22,8,4,1,32,13,4.0,11,8,5,41,20,6,3,3,19,10,1
0,2.5,8,6,10,34,28,6,2,4,20,11,2.5,3,11,11,22,36,1,6,6,13,22,1
0,3.0,17,4,2,45,16,9,2,1,26,7,1.5,4,9,10,20,34,2,3,6,9,17,1
0,4.5,16,5,4,55,22,8,4,1,32,13,2.5,6,9,10,30,35,2,4,7,12,21,0
0,2.5,7,11,7,35,34,4,7,2,20,17,4.0,11,8,5,41,20,6,3,3,19,10,1
0,3.0,7,7,11,23,33,4,3,5,13,17,2.0,8,13,3,33,25,3,7,2,15,13,2
0,4.0,15,3,6,34,18,8,1,3,19,9,1.0,4,9,11,22,35,2,5,5,10,15,0
0,2.5,7,8,9,29,36,6,1,4,18,18,1.5,5,7,13,20,39,2,3,7,10,23,1
0,1.0,8,6,10,29,41,6,3,3,17,15,3.5,11,3,10,32,38,5,1,6,16,23,1
0,0.5,6,7,11,21,40,2,4,6,11,21,1.0,7,6,12,20,30,2,3,7,8,21,2
0,1.0,4,10,11,20,28,1,6,6,7,14,4.0,16,4,4,42,19,8,4,1,22,12,2
0,2.5,6,9,10,30,35,4,5,3,18,14,4.0,15,3,6,34,18,7,2,3,15,9,2
0,1.5,4,9,10,20,34,2,6,4,11,17,3.0,7,7,11,23,33,3,4,6,10,16,0
0,4.0,11,8,5,41,20,5,5,2,22,10,3.0,17,4,2,45,16,8,2,1,19,9,2
0,2.5,3,11,11,22,36,2,5,5,9,14,2.5,7,11,7,35,34,3,4,5,15,17,0
0,1.0,4,9,11,22,35,2,4,6,12,20,4.5,16,5,4,55,22,8,1,3,23,9,2
0,2.0,8,13,3,33,25,5,6,1,18,12,2.5,8,6,10,34,28,2,4,6,14,17,0
0,1.0,7,6,12,20,30,5,3,5,12,9,2.5,7,8,9,29,36,1,7,5,11,18,0
0,4.0,16,4,4,42,19,8,0,3,20,7,1.0,8,6,10,29,41,2,3,7,12,26,1
0,3.5,11,3,10,32,38,6,2,4,16,15,0.5,6,7,11,21,40,4,3,5,10,19,1
0,1.5,5,7,13,20,39,3,4,6,10,16,1.0,4,10,11,20,28,3,4,5,13,14,1
0,4.0,15,3,6,34,18,8,1,3,19,9,2.0,8,13,3,33,25,3,7,2,15,13,1
0,4.5,16,5,4,55,22,8,4,1,32,13,1.0,4,10,11,20,28,3,4,5,13,14,0
0,0.5,6,7,11,21,40,2,4,6,11,21,1.0,4,9,11,22,35,2,5,5,10,15,0
0,2.5,7,11,7,35,34,4,7,2,20,17,3.5,11,3,10,32,38,5,1,6,16,23,1
0,1.0,8,6,10,29,41,6,3,3,17,15,2.5,6,9,10,30,35,2,4,7,12,21,1
0,2.5,7,8,9,29,36,6,1,4,18,18,2.5,3,11,11,22,36,1,6,6,13,22,1
0,3.0,17,4,2,45,16,9,2,1,26,7,1.0,7,6,12,20,30,2,3,7,8,21,1
0,1.5,4,9,10,20,34,2,6,4,11,17,4.0,16,4,4,42,19,8,4,1,22,12,0
0,2.5,8,6,10,34,28,6,2,4,20,11,4.0,11,8,5,41,20,6,3,3,19,10,2
0,3.0,7,7,11,23,33,4,3,5,13,17,1.5,5,7,13,20,39,2,3,7,10,23,0
0,2.0,8,13,3,33,25,5,6,1,18,12,2.5,7,11,7,35,34,3,4,5,15,17,1
0,3.5,11,3,10,32,38,6,2,4,16,15,4.0,15,3,6,34,18,7,2,3,15,9,0
0,1.0,7,6,12,20,30,5,3,5,12,9,1.0,4,9,11,22,35,2,5,5,10,15,2
0,4.0,16,4,4,42,19,8,0,3,20,7,2.5,7,8,9,29,36,1,7,5,11,18,1
0,2.5,8,6,10,34,28,6,2,4,20,11,1.5,4,9,10,20,34,2,3,6,9,17,1
0,1.5,5,7,13,20,39,3,4,6,10,16,3.0,17,4,2,45,16,8,2,1,19,9,2
0,4.0,11,8,5,41,20,5,5,2,22,10,3.0,7,7,11,23,33,3,4,6,10,16,0
0,1.0,4,10,11,20,28,1,6,6,7,14,1.0,8,6,10,29,41,2,3,7,12,26,1
0,2.5,3,11,11,22,36,2,5,5,9,14,4.5,16,5,4,55,22,8,1,3,23,9,2
0,2.5,6,9,10,30,35,4,5,3,18,14,0.5,6,7,11,21,40,4,3,5,10,19,0
0,2.5,8,6,10,34,28,6,2,4,20,11,4.5,16,5,4,55,22,8,1,3,23,9,2
0,2.5,7,8,9,29,36,6,1,4,18,18,2.0,8,13,3,33,25,3,7,2,15,13,2
0,4.0,15,3,6,34,18,8,1,3,19,9,4.0,11,8,5,41,20,6,3,3,19,10,1
0,1.0,8,6,10,29,41,6,3,3,17,15,4.5,16,5,4,55,22,8,1,3,23,9,2
0,3.0,7,7,11,23,33,4,3,5,13,17,4.0,16,4,4,42,19,8,4,1,22,12,0
0,2.5,7,11,7,35,34,4,7,2,20,17,1.0,4,10,11,20,28,3,4,5,13,14,1
0,0.5,6,7,11,21,40,2,4,6,11,21,1.5,5,7,13,20,39,2,3,7,10,23,1
0,1.0,4,9,11,22,35,2,4,6,12,20,2.5,6,9,10,30,35,2,4,7,12,21,2
0,1.5,4,9,10,20,34,2,6,4,11,17,1.0,7,6,12,20,30,2,3,7,8,21,2
0,2.5,3,11,11,22,36,2,5,5,9,14,3.5,11,3,10,32,38,5,1,6,16,23,2
0,1.0,8,6,10,29,41,6,3,3,17,15,3.0,7,7,11,23,33,3,4,6,10,16,1
0,3.0,17,4,2,45,16,9,2,1,26,7,4.0,15,3,6,34,18,7,2,3,15,9,1
0,1.0,4,9,11,22,35,2,4,6,12,20,1.5,4,9,10,20,34,2,3,6,9,17,0
0,0.5,6,7,11,21,40,2,4,6,11,21,2.5,7,11,7,35,34,3,4,5,15,17,0
0,1.5,5,7,13,20,39,3,4,6,10,16,4.0,15,3,6,34,18,7,2,3,15,9,2
0,1.0,7,6,12,20,30,5,3,5,12,9,2.5,3,11,11,22,36,1,6,6,13,22,1
0,3.5,11,3,10,32,38,6,2,4,16,15,2.5,7,8,9,29,36,1,7,5,11,18,1
0,2.0,8,13,3,33,25,5,6,1,18,12,1.0,8,6,10,29,41,2,3,7,12,26,0
0,2.5,6,9,10,30,35,4,5,3,18,14,3.0,7,7,11,23,33,3,4,6,10,16,0
0,1.0,4,10,11,20,28,1,6,6,7,14,3.0,17,4,2,45,16,8,2,1,19,9,2
0,2.5,7,11,7,35,34,4,7,2,20,17,1.0,4,9,11,22,35,2,5,5,10,15,0
0,2.5,3,11,11,22,36,2,5,5,9,14,2.0,8,13,3,33,25,3,7,2,15,13,0
0,4.0,15,3,6,34,18,8,1,3,19,9,0.5,6,7,11,21,40,4,3,5,10,19,1
0,4.0,11,8,5,41,20,5,5,2,22,10,3.5,11,3,10,32,38,5,1,6,16,23,0
0,1.5,5,7,13,20,39,3,4,6,10,16,4.0,16,4,4,42,19,8,4,1,22,12,2
0,3.0,7,7,11,23,33,4,3,5,13,17,1.0,8,6,10,29,41,2,3,7,12,26,1
0,1.5,4,9,10,20,34,2,6,4,11,17,4.5,16,5,4,55,22,8,1,3,23,9,2
0,2.5,7,8,9,29,36,6,1,4,18,18,1.0,4,10,11,20,28,3,4,5,13,14,0
0,3.0,17,4,2,45,16,9,2,1,26,7,2.5,6,9,10,30,35,2,4,7,12,21,1
0,2.5,8,6,10,34,28,6,2,4,20,11,1.0,7,6,12,20,30,2,3,7,8,21,1
0,1.0,4,9,11,22,35,2,4,6,12,20,2.5,3,11,11,22,36,1,6,6,13,22,2
0,1.0,4,10,11,20,28,1,6,6,7,14,4.0,15,3,6,34,18,7,2,3,15,9,2
0,4.0,16,4,4,42,19,8,0,3,20,7,2.5,7,11,7,35,34,3,4,5,15,17,2
0,2.5,6,9,10,30,35,4,5,3,18,14,1.5,4,9,10,20,34,2,3,6,9,17,1
0,2.0,8,13,3,33,25,5,6,1,18,12,4.0,11,8,5,41,20,6,3,3,19,10,0
0,1.0,7,6,12,20,30,5,3,5,12,9,1.5,5,7,13,20,39,2,3,7,10,23,0
0,0.5,6,7,11,21,40,2,4,6,11,21,3.0,17,4,2,45,16,8,2,1,19,9,2
0,1.0,8,6,10,29,41,6,3,3,17,15,2.5,7,8,9,29,36,1,7,5,11,18,0
0,4.5,16,5,4,55,22,8,4,1,32,13,2.5,8,6,10,34,28,2,4,6,14,17,1
0,3.5,11,3,10,32,38,6,2,4,16,15,3.0,7,7,11,23,33,3,4,6,10,16,1
0,1.5,5,7,13,20,39,3,4,6,10,16,1.0,4,9,11,22,35,2,5,5,10,15,1
0,2.5,7,11,7,35,34,4,7,2,20,17,1.0,8,6,10,29,41,2,3,7,12,26,0
0,2.5,3,11,11,22,36,2,5,5,9,14,4.0,16,4,4,42,19,8,4,1,22,12,2
0,1.5,4,9,10,20,34,2,6,4,11,17,2.0,8,13,3,33,25,3,7,2,15,13,0
0,4.0,15,3,6,34,18,8,1,3,19,9,1.0,7,6,12,20,30,2,3,7,8,21,1
0,4.0,11,8,5,41,20,5,5,2,22,10,0.5,6,7,11,21,40,4,3,5,10,19,1
0,2.5,8,6,10,34,28,6,2,4,20,11,2.5,6,9,10,30,35,2,4,7,12,21,0
0,3.0,7,7,11,23,33,4,3,5,13,17,1.0,4,10,11,20,28,3,4,5,13,14,1
0,3.5,11,3,10,32,38,6,2,4,16,15,4.5,16,5,4,55,22,8,1,3,23,9,2
0,3.0,17,4,2,45,16,9,2,1,26,7,2.5,7,8,9,29,36,1,7,5,11,18,0
0,4.0,16,4,4,42,19,8,0,3,20,7,1.0,7,6,12,20,30,2,3,7,8,21,1
0,2.5,7,8,9,29,36,6,1,4,18,18,1.5,4,9,10,20,34,2,3,6,9,17,1
0,1.0,8,6,10,29,41,6,3,3,17,15,3.0,17,4,2,45,16,8,2,1,19,9,2
0,4.0,15,3,6,34,18,8,1,3,19,9,2.5,3,11,11,22,36,1,6,6,13,22,1
0,1.0,4,10,11,20,28,1,6,6,7,14,1.0,4,9,11,22,35,2,5,5,10,15,0
0,4.5,16,5,4,55,22,8,4,1,32,13,1.5,5,7,13,20,39,2,3,7,10,23,1
0,1.0,7,6,12,20,30,5,3,5,12,9,4.0,11,8,5,41,20,6,3,3,19,10,2
0,4.0,16,4,4,42,19,8,0,3,20,7,2.5,6,9,10,30,35,2,4,7,12,21,1
0,2.5,7,11,7,35,34,4,7,2,20,17,3.0,7,7,11,23,33,3,4,6,10,16,2
0,2.0,8,13,3,33,25,5,6,1,18,12,3.5,11,3,10,32,38,5,1,6,16,23,2
0,0.5,6,7,11,21,40,2,4,6,11,21,2.5,8,6,10,34,28,2,4,6,14,17,2
0,2.5,7,11,7,35,34,4,7,2,20,17,3.0,17,4,2,45,16,8,2,1,19,9,0
0,3.5,11,3,10,32,38,6,2,4,16,15,1.0,7,6,12,20,30,2,3,7,8,21,1
0,1.5,4,9,10,20,34,2,6,4,11,17,1.0,4,10,11,20,28,3,4,5,13,14,1
0,3.0,17,4,2,45,16,9,2,1,26,7,2.5,7,11,7,35,34,3,4,5,15,17,2
0,2.5,6,9,10,30,35,4,5,3,18,14,2.5,7,8,9,29,36,1,7,5,11,18,1
0,1.0,4,9,11,22,35,2,4,6,12,20,4.0,16,4,4,42,19,8,4,1,22,12,2
0,4.5,16,5,4,55,22,8,4,1,32,13,0.5,6,7,11,21,40,4,3,5,10,19,0
0,4.0,11,8,5,41,20,5,5,2,22,10,1.5,5,7,13,20,39,2,3,7,10,23,1
0,2.5,3,11,11,22,36,2,5,5,9,14,1.0,8,6,10,29,41,2,3,7,12,26,1
0,2.5,8,6,10,34,28,6,2,4,20,11,2.0,8,13,3,33,25,3,7,2,15,13,0
0,3.0,7,7,11,23,33,4,3,5,13,17,4.0,15,3,6,34,18,7,2,3,15,9,2
0,4.5,16,5,4,55,22,8,4,1,32,13,1.5,4,9,10,20,34,2,3,6,9,17,1
0,2.5,7,11,7,35,34,4,7,2,20,17,2.5,8,6,10,34,28,2,4,6,14,17,0
0,1.0,4,10,11,20,28,1,6,6,7,14,2.5,3,11,11,22,36,1,6,6,13,22,0
0,4.0,15,3,6,34,18,8,1,3,19,9,4.5,16,5,4,55,22,8,1,3,23,9,2
0,1.5,5,7,13,20,39,3,4,6,10,16,3.0,7,7,11,23,33,3,4,6,10,16,2
0,1.0,7,6,12,20,30,5,3,5,12,9,2.5,6,9,10,30,35,2,4,7,12,21,1
0,0.5,9,6,12,28,33,5,4,5,13,14,2.0,4,11,11,26,41,2,4,7,13,21,0
0,0.0,2,9,16,18,44,0,6,8,4,18,2.0,10,5,11,30,40,5,4,5,17,23,2
0,4.5,17,7,2,46,16,8,4,1,21,7,1.0,10,8,8,33,30,5,5,2,17,11,0
0,4.5,16,4,6,54,37,8,4,1,30,17,2.5,7,9,10,32,34,3,5,6,21,22,0
0,2.0,6,5,15,31,50,5,1,7,19,25,2.0,8,5,13,34,40,5,1,7,20,23,1
0,3.0,7,3,16,25,51,3,1,9,15,27,2.0,9,4,13,39,47,2,3,8,13,23,1
0,2.0,9,5,13,33,39,3,2,8,14,24,3.5,11,7,8,37,35,6,3,4,18,17,1
0,4.0,16,7,3,54,24,8,3,2,28,12,0.0,2,9,16,18,44,2,3,8,14,26,1
0,1.0,10,8,8,33,30,5,3,6,16,19,3.5,11,5,10,43,46,5,4,3,17,18,1
0,2.0,8,5,13,34,40,3,4,6,14,17,2.0,9,5,13,33,39,6,3,5,19,15,2
0,2.5,7,9,10,32,34,4,4,4,11,12,4.5,17,7,2,46,16,9,3,1,25,9,2
0,4.0,7,9,10,26,37,3,6,4,12,18,2.0,6,5,15,31,50,1,4,8,12,25,1
0,2.0,10,5,11,30,40,5,1,6,13,17,0.5,9,6,12,28,33,4,2,7,15,19,2
0,2.0,4,11,11,26,41,2,7,4,13,20,3.0,7,3,16,25,51,4,2,7,10,24,1
0,2.5,11,8,8,33,26,5,4,4,16,13,4.5,16,4,6,54,37,8,0,5,24,20,2
0,2.0,9,4,13,39,47,7,1,5,26,24,2.5,10,8,7,33,29,5,5,3,15,13,2
0,3.5,11,7,8,37,35,5,4,4,19,18,4.0,18,3,6,61,17,8,2,3,27,9,1
0,0.5,9,6,12,28,33,5,4,5,13,14,4.0,16,7,3,54,24,8,4,1,26,12,0
0,3.5,11,5,10,43,46,6,1,7,26,28,2.0,9,5,13,33,39,6,3,5,19,15,1
0,4.0,7,9,10,26,37,3,6,4,12,18,2.0,8,5,13,34,40,5,1,7,20,23,1
0,4.5,17,7,2,46,16,8,4,1,21,7,2.5,11,8,8,33,26,6,4,4,17,13,1
0,2.0,6,5,15,31,50,5,1,7,19,25,3.5,11,7,8,37,35,6,3,4,18,17,2
0,2.0,10,5,11,30,40,5,1,6,13,17,2.5,7,9,10,32,34,3,5,6,21,22,1
0,0.0,2,9,16,18,44,0,6,8,4,18,2.0,9,4,13,39,47,2,3,8,13,23,2
0,3.0,7,3,16,25,51,3,1,9,15,27,1.0,10,8,8,33,30,5,5,2,17,11,2
0,4.5,16,4,6,54,37,8,4,1,30,17,2.0,4,11,11,26,41,2,4,7,13,21,1
0,4.0,18,3,6,61,17,10,1,3,34,8,2.5,10,8,7,33,29,5,5,3,15,13,2
0,3.5,11,5,10,43,46,6,1,7,26,28,4.0,16,7,3,54,24,8,4,1,26,12,1
0,4.0,18,3,6,61,17,10,1,3,34,8,2.5,11,8,8,33,26,6,4,4,17,13,1
0,2.5,10,8,7,33,29,5,3,4,18,16,4.0,7,9,10,26,37,4,3,6,14,19,2
0,4.0,16,7,3,54,24,8,3,2,28,12,3.0,7,3,16,25,51,4,2,7,10,24,0
0,3.5,11,7,8,37,35,5,4,4,19,18,0.5,9,6,12,28,33,4,2,7,15,19,1
0,1.0,10,8,8,33,30,5,3,6,16,19,4.5,16,4,6,54,37,8,0,5,24,20,1
0,2.0,9,5,13,33,39,3,2,8,14,24,4.0,18,3,6,61,17,8,2,3,27,9,2
0,3.5,11,5,10,43,46,6,1,7,26,28,2.0,10,5,11,30,40,5,4,5,17,23,1
0,2.0,9,4,13,39,47,7,1,5,26,24,2.0,6,5,15,31,50,1,4,8,12,25,1
0,2.5,11,8,8,33,26,5,4,4,16,13,2.5,7,9,10,32,34,3,5,6,21,22,1
0,2.0,8,5,13,34,40,3,4,6,14,17,0.0,2,9,16,18,44,2,3,8,14,26,1
0,2.0,4,11,11,26,41,2,7,4,13,20,4.0,7,9,10,26,37,4,3,6,14,19,0
0,2.5,10,8,7,33,29,5,3,4,18,16,4.5,17,7,2,46,16,9,3,1,25,9,0
0,4.5,17,7,2,46,16,8,4,1,21,7,2.0,4,11,11,26,41,2,4,7,13,21,1
0,4.0,7,9,10,26,37,3,6,4,12,18,1.0,10,8,8,33,30,5,5,2,17,11,2
0,2.5,10,8,7,33,29,5,3,4,18,16,2.5,11,8,8,33,26,6,4,4,17,13,0
0,0.5,9,6,12,28,33,5,4,5,13,14,2.0,9,5,13,33,39,6,3,5,19,15,0
0,2.0,10,5,11,30,40,5,1,6,13,17,2.0,9,4,13,39,47,2,3,8,13,23,1
0,4.5,16,4,6,54,37,8,4,1,30,17,2.0,8,5,13,34,40,5,1,7,20,23,1
0,0.0,2,9,16,18,44,0,6,8,4,18,3.5,11,5,10,43,46,5,4,3,17,18,0
0,3.0,7,3,16,25,51,3,1,9,15,27,3.5,11,7,8,37,35,6,3,4,18,17,0
0,2.0,6,5,15,31,50,5,1,7,19,25,4.0,16,7,3,54,24,8,4,1,26,12,0
0,2.5,7,9,10,32,34,4,4,4,11,12,4.0,18,3,6,61,17,8,2,3,27,9,2
0,4.0,18,3,6,61,17,10,1,3,34,8,2.0,10,5,11,30,40,5,4,5,17,23,1
0,3.5,11,7,8,37,35,5,4,4,19,18,4.0,7,9,10,26,37,4,3,6,14,19,1
0,2.0,9,5,13,33,39,3,2,8,14,24,2.0,4,11,11,26,41,2,4,7,13,21,1
0,3.5,11,5,10,43,46,6,1,7,26,28,3.0,7,3,16,25,51,4,2,7,10,24,2
0,0.5,9,6,12,28,33,5,4,5,13,14,0.0,2,9,16,18,44,2,3,8,14,26,1
0,2.0,9,4,13,39,47,7,1,5,26,24,4.5,16,4,6,54,37,8,0,5,24,20,1
0,2.5,11,8,8,33,26,5,4,4,16,13,2.0,6,5,15,31,50,1,4,8,12,25,1
0,2.0,8,5,13,34,40,3,4,6,14,17,4.5,17,7,2,46,16,9,3,1,25,9,2
0,1.0,10,8,8,33,30,5,3,6,16,19,2.5,7,9,10,32,34,3,5,6,21,22,0
0,4.0,16,7,3,54,24,8,3,2,28,12,2.5,10,8,7,33,29,5,5,3,15,13,0
0,0.0,2,9,16,18,44,0,6,8,4,18,1.0,10,8,8,33,30,5,5,2,17,11,0
0,3.0,7,3,16,25,51,3,1,9,15,27,4.0,18,3,6,61,17,8,2,3,27,9,2
0,2.5,7,9,10,32,34,4,4,4,11,12,2.0,6,5,15,31,50,1,4,8,12,25,2
0,2.5,10,8,7,33,29,5,3,4,18,16,0.5,9,6,12,28,33,4,2,7,15,19,1
0,2.0,8,5,13,34,40,3,4,6,14,17,4.0,16,7,3,54,24,8,4,1,26,12,2
0,2.0,10,5,11,30,40,5,1,6,13,17,2.5,11,8,8,33,26,6,4,4,17,13,0
0,2.0,4,11,11,26,41,2,7,4,13,20,2.0,9,4,13,39,47,2,3,8,13,23,1
0,4.5,16,4,6,54,37,8,4,1,30,17,3.5,11,5,10,43,46,5,4,3,17,18,0
0,4.0,7,9,10,26,37,3,6,4,12,18,2.0,9,5,13,33,39,6,3,5,19,15,2
0,4.5,17,7,2,46,16,8,4,1,21,7,3.5,11,7,8,37,35,6,3,4,18,17,1
0,1.0,10,8,8,33,30,5,3,6,16,19,2.0,10,5,11,30,40,5,4,5,17,23,2
0,2.0,6,5,15,31,50,5,1,7,19,25,2.5,10,8,7,33,29,5,5,3,15,13,2
0,4.0,18,3,6,61,17,10,1,3,34,8,0.0,2,9,16,18,44,2,3,8,14,26,1
0,3.5,11,5,10,43,46,6,1,7,26,28,2.5,7,9,10,32,34,3,5,6,21,22,2
0,0.5,9,6,12,28,33,5,4,5,13,14,3.0,7,3,16,25,51,4,2,7,10,24,1
0,2.0,9,4,13,39,47,7,1,5,26,24,2.0,8,5,13,34,40,5,1,7,20,23,2
0,2.5,11,8,8,33,26,5,4,4,16,13,4.0,7,9,10,26,37,4,3,6,14,19,1
0,2.0,9,5,13,33,39,3,2,8,14,24,4.5,17,7,2,46,16,9,3,1,25,9,0
0,4.0,16,7,3,54,24,8,3,2,28,12,4.5,16,4,6,54,37,8,0,5,24,20,1
0,1.0,10,8,8,33,30,5,3,6,16,19,2.0,9,4,13,39,47,2,3,8,13,23,1
0,2.0,4,11,11,26,41,2,7,4,13,20,4.0,18,3,6,61,17,8,2,3,27,9,2
0,4.0,7,9,10,26,37,3,6,4,12,18,3.5,11,5,10,43,46,5,4,3,17,18,2
0,2.5,7,9,10,32,34,4,4,4,11,12,2.0,8,5,13,34,40,5,1,7,20,23,1
0,2.0,10,5,11,30,40,5,1,6,13,17,2.0,9,5,13,33,39,6,3,5,19,15,2
0,0.0,2,9,16,18,44,0,6,8,4,18,2.0,6,5,15,31,50,1,4,8,12,25,0
0,3.0,7,3,16,25,51,3,1,9,15,27,2.5,11,8,8,33,26,6,4,4,17,13,2
0,4.5,16,4,6,54,37,8,4,1,30,17,0.5,9,6,12,28,33,4,2,7,15,19,1
0,4.5,17,7,2,46,16,8,4,1,21,7,4.0,16,7,3,54,24,8,4,1,26,12,0
0,2.0,8,5,13,34,40,3,4,6,14,17,2.5,10,8,7,33,29,5,5,3,15,13,2
0,0.5,9,6,12,28,33,5,4,5,13,14,3.5,11,5,10,43,46,5,4,3,17,18,2
0,4.0,18,3,6,61,17,10,1,3,34,8,1.0,10,8,8,33,30,5,5,2,17,11,1
0,2.0,9,4,13,39,47,7,1,5,26,24,4.5,17,7,2,46,16,9,3,1,25,9,1
0,2.0,6,5,15,31,50,5,1,7,19,25,2.0,4,11,11,26,41,2,4,7,13,21,2
0,3.5,11,7,8,37,35,5,4,4,19,18,2.5,7,9,10,32,34,3,5,6,21,22,0
0,3.0,7,3,16,25,51,3,1,9,15,27,2.0,10,5,11,30,40,5,4,5,17,23,2
0,2.5,11,8,8,33,26,5,4,4,16,13,0.0,2,9,16,18,44,2,3,8,14,26,0
0,2.0,9,5,13,33,39,3,2,8,14,24,4.5,16,4,6,54,37,8,0,5,24,20,2
0,4.0,16,7,3,54,24,8,3,2,28,12,4.0,7,9,10,26,37,4,3,6,14,19,1
0,1.0,10,8,8,33,30,5,3,6,16,19,0.5,9,6,12,28,33,4,2,7,15,19,2
0,4.5,16,4,6,54,37,8,4,1,30,17,4.0,18,3,6,61,17,8,2,3,27,9,1
0,2.0,9,4,13,39,47,7,1,5,26,24,4.0,7,9,10,26,37,4,3,6,14,19,1
0,2.0,4,11,11,26,41,2,7,4,13,20,2.5,11,8,8,33,26,6,4,4,17,13,0
0,0.0,2,9,16,18,44,0,6,8,4,18,3.5,11,7,8,37,35,6,3,4,18,17,2
0,3.5,11,5,10,43,46,6,1,7,26,28,2.0,8,5,13,34,40,5,1,7,20,23,1
0,2.5,7,9,10,32,34,4,4,4,11,12,3.0,7,3,16,25,51,4,2,7,10,24,2
0,2.0,10,5,11,30,40,5,1,6,13,17,4.0,16,7,3,54,24,8,4,1,26,12,2
0,4.5,17,7,2,46,16,8,4,1,21,7,2.0,6,5,15,31,50,1,4,8,12,25,1
0,3.5,11,7,8,37,35,5,4,4,19,18,2.0,4,11,11,26,41,2,4,7,13,21,0
0,2.0,8,5,13,34,40,3,4,6,14,17,1.0,10,8,8,33,30,5,5,2,17,11,0
0,2.5,10,8,7,33,29,5,3,4,18,16,2.0,4,11,11,26,41,2,4,7,13,21,1
0,4.0,18,3,6,61,17,10,1,3,34,8,0.5,9,6,12,28,33,4,2,7,15,19,0
0,4.0,16,7,3,54,24,8,3,2,28,12,2.5,7,9,10,32,34,3,5,6,21,22,1
0,2.0,6,5,15,31,50,5,1,7,19,25,3.5,11,5,10,43,46,5,4,3,17,18,2
0,4.5,16,4,6,54,37,8,4,1,30,17,3.0,7,3,16,25,51,4,2,7,10,24,1
0,3.5,11,7,8,37,35,5,4,4,19,18,2.0,10,5,11,30,40,5,4,5,17,23,2
0,2.5,11,8,8,33,26,5,4,4,16,13,2.0,9,4,13,39,47,2,3,8,13,23,2
0,2.0,9,5,13,33,39,3,2,8,14,24,0.0,2,9,16,18,44,2,3,8,14,26,2
0,4.0,7,9,10,26,37,3,6,4,12,18,4.5,17,7,2,46,16,9,3,1,25,9,0
0,3.0,7,3,16,25,51,3,1,9,15,27,2.5,10,8,7,33,29,5,5,3,15,13,2
0,1.0,10,8,8,33,30,5,3,6,16,19,3.5,11,7,8,37,35,6,3,4,18,17,2
0,3.5,11,5,10,43,46,6,1,7,26,28,4.0,18,3,6,61,17,8,2,3,27,9,2
0,4.5,17,7,2,46,16,8,4,1,21,7,4.5,16,4,6,54,37,8,0,5,24,20,1
0,0.5,9,6,12,28,33,5,4,5,13,14,2.0,9,4,13,39,47,2,3,8,13,23,1
0,2.0,10,5,11,30,40,5,1,6,13,17,2.0,6,5,15,31,50,1,4,8,12,25,1
0,2.0,4,11,11,26,41,2,7,4,13,20,2.0,8,5,13,34,40,5,1,7,20,23,2
0,0.0,2,9,16,18,44,0,6,8,4,18,4.0,7,9,10,26,37,4,3,6,14,19,0
0,2.5,7,9,10,32,34,4,4,4,11,12,2.0,9,5,13,33,39,6,3,5,19,15,0
0,2.5,11,8,8,33,26,5,4,4,16,13,4.0,16,7,3,54,24,8,4,1,26,12,2
0,4.0,7,9,10,26,37,3,6,4,12,18,2.0,10,5,11,30,40,5,4,5,17,23,0
0,2.5,10,8,7,33,29,5,3,4,18,16,4.5,16,4,6,54,37,8,0,5,24,20,1
0,3.5,11,7,8,37,35,5,4,4,19,18,3.5,11,5,10,43,46,5,4,3,17,18,2
0,2.0,9,5,13,33,39,3,2,8,14,24,1.0,10,8,8,33,30,5,5,2,17,11,2
0,2.0,9,4,13,39,47,7,1,5,26,24,2.5,7,9,10,32,34,3,5,6,21,22,1
0,2.0,6,5,15,31,50,5,1,7,19,25,3.0,7,3,16,25,51,4,2,7,10,24,1
0,2.0,4,11,11,26,41,2,7,4,13,20,0.0,2,9,16,18,44,2,3,8,14,26,0
0,2.0,8,5,13,34,40,3,4,6,14,17,2.5,11,8,8,33,26,6,4,4,17,13,0
0,4.5,17,7,2,46,16,8,4,1,21,7,0.5,9,6,12,28,33,4,2,7,15,19,1
0,4.0,18,3,6,61,17,10,1,3,34,8,4.0,16,7,3,54,24,8,4,1,26,12,2
0,3.5,11,5,10,43,46,6,1,7,26,28,2.5,11,8,8,33,26,6,4,4,17,13,2
0,2.5,7,9,10,32,34,4,4,4,11,12,2.0,4,11,11,26,41,2,4,7,13,21,1
0,2.0,10,5,11,30,40,5,1,6,13,17,2.0,8,5,13,34,40,5,1,7,20,23,2
0,0.0,2,9,16,18,44,0,6,8,4,18,4.5,17,7,2,46,16,9,3,1,25,9,2
0,3.0,7,3,16,25,51,3,1,9,15,27,2.0,9,5,13,33,39,6,3,5,19,15,2
0,4.0,18,3,6,61,17,10,1,3,34,8,2.0,6,5,15,31,50,1,4,8,12,25,1
0,4.0,16,7,3,54,24,8,3,2,28,12,2.0,9,4,13,39,47,2,3,8,13,23,0
0,0.5,9,6,12,28,33,5,4,5,13,14,4.0,7,9,10,26,37,4,3,6,14,19,2
0,1.0,10,8,8,33,30,5,3,6,16,19,2.5,10,8,7,33,29,5,5,3,15,13,1
0,4.5,16,4,6,54,37,8,4,1,30,17,3.5,11,7,8,37,35,6,3,4,18,17,2
0,2.5,11,8,8,33,26,5,4,4,16,13,3.5,11,7,8,37,35,6,3,4,18,17,1
0,2.5,10,8,7,33,29,5,3,4,18,16,2.5,7,9,10,32,34,3,5,6,21,22,0
0,2.0,9,5,13,33,39,3,2,8,14,24,4.0,16,7,3,54,24,8,4,1,26,12,2
0,2.0,9,4,13,39,47,7,1,5,26,24,3.5,11,5,10,43,46,5,4,3,17,18,0
0,4.0,7,9,10,26,37,3,6,4,12,18,3.0,7,3,16,25,51,4,2,7,10,24,0
0,2.0,4,11,11,26,41,2,7,4,13,20,2.0,10,5,11,30,40,5,4,5,17,23,0
0,0.0,2,9,16,18,44,0,6,8,4,18,4.5,16,4,6,54,37,8,0,5,24,20,2
0,2.0,8,5,13,34,40,3,4,6,14,17,0.5,9,6,12,28,33,4,2,7,15,19,2
0,2.0,6,5,15,31,50,5,1,7,19,25,1.0,10,8,8,33,30,5,5,2,17,11,2
0,4.5,17,7,2,46,16,8,4,1,21,7,4.0,18,3,6,61,17,8,2,3,27,9,0
0,0.5,9,6,12,28,33,5,4,5,13,14,2.5,7,9,10,32,34,3,5,6,21,22,2
0,1.0,10,8,8,33,30,5,3,6,16,19,2.5,11,8,8,33,26,6,4,4,17,13,1
0,2.0,9,5,13,33,39,3,2,8,14,24,2.0,6,5,15,31,50,1,4,8,12,25,0
0,3.5,11,7,8,37,35,5,4,4,19,18,2.0,9,4,13,39,47,2,3,8,13,23,1
0,3.0,7,3,16,25,51,3,1,9,15,27,0.0,2,9,16,18,44,2,3,8,14,26,2
0,3.5,11,5,10,43,46,6,1,7,26,28,4.5,17,7,2,46,16,9,3,1,25,9,2
0,4.0,18,3,6,61,17,10,1,3,34,8,2.0,8,5,13,34,40,5,1,7,20,23,1
0,4.0,16,7,3,54,24,8,3,2,28,12,2.0,4,11,11,26,41,2,4,7,13,21,1
0,2.0,10,5,11,30,40,5,1,6,13,17,2.5,10,8,7,33,29,5,5,3,15,13,1
0,4.5,16,4,6,54,37,8,4,1,30,17,4.0,7,9,10,26,37,4,3,6,14,19,0
0,2.0,9,4,13,39,47,7,1,5,26,24,2.0,9,5,13,33,39,6,3,5,19,15,1
0,2.0,6,5,15,31,50,5,1,7,19,25,4.5,16,4,6,54,37,8,0,5,24,20,2
0,2.0,4,11,11,26,41,2,7,4,13,20,1.0,10,8,8,33,30,5,5,2,17,11,0
0,2.5,11,8,8,33,26,5,4,4,16,13,0.5,9,6,12,28,33,4,2,7,15,19,0
0,2.0,8,5,13,34,40,3,4,6,14,17,3.0,7,3,16,25,51,4,2,7,10,24,1
0,4.5,17,7,2,46,16,8,4,1,21,7,2.0,10,5,11,30,40,5,4,5,17,23,2
0,4.0,16,7,3,54,24,8,3,2,28,12,3.5,11,7,8,37,35,6,3,4,18,17,1
0,4.0,7,9,10,26,37,3,6,4,12,18,4.0,18,3,6,61,17,8,2,3,27,9,0
0,2.5,10,8,7,33,29,5,3,4,18,16,3.5,11,5,10,43,46,5,4,3,17,18,1
0,2.5,7,9,10,32,34,4,4,4,11,12,0.0,2,9,16,18,44,2,3,8,14,26,0
0,3.5,11,5,10,43,46,6,1,7,26,28,2.0,4,11,11,26,41,2,4,7,13,21,0
0,4.0,18,3,6,61,17,10,1,3,34,8,2.0,9,4,13,39,47,2,3,8,13,23,1
0,0.5,9,6,12,28,33,5,4,5,13,14,2.0,6,5,15,31,50,1,4,8,12,25,1
0,1.0,10,8,8,33,30,5,3,6,16,19,4.0,16,7,3,54,24,8,4,1,26,12,0
0,2.5,7,9,10,32,34,4,4,4,11,12,4.0,7,9,10,26,37,4,3,6,14,19,1
0,4.5,16,4,6,54,37,8,4,1,30,17,2.0,10,5,11,30,40,5,4,5,17,23,1
0,0.0,2,9,16,18,44,0,6,8,4,18,2.5,10,8,7,33,29,5,5,3,15,13,0
0,3.5,11,7,8,37,35,5,4,4,19,18,2.0,8,5,13,34,40,5,1,7,20,23,2
0,3.0,7,3,16,25,51,3,1,9,15,27,4.5,17,7,2,46,16,9,3,1,25,9,2
0,2.5,11,8,8,33,26,5,4,4,16,13,2.0,9,5,13,33,39,6,3,5,19,15,0
0,3.5,11,5,10,43,46,6,1,7,26,28,4.5,16,4,6,54,37,8,0,5,24,20,2
0,2.5,10,8,7,33,29,5,3,4,18,16,3.0,7,3,16,25,51,4,2,7,10,24,2
0,2.0,10,5,11,30,40,5,1,6,13,17,4.0,18,3,6,61,17,8,2,3,27,9,2
0,2.0,9,4,13,39,47,7,1,5,26,24,1.0,10,8,8,33,30,5,5,2,17,11,2
0,2.0,9,5,13,33,39,3,2,8,14,24,0.5,9,6,12,28,33,4,2,7,15,19,2
0,2.0,4,11,11,26,41,2,7,4,13,20,3.5,11,7,8,37,35,6,3,4,18,17,0
0,2.0,8,5,13,34,40,3,4,6,14,17,4.0,7,9,10,26,37,4,3,6,14,19,1
0,4.5,17,7,2,46,16,8,4,1,21,7,2.5,7,9,10,32,34,3,5,6,21,22,1
0,4.0,16,7,3,54,24,8,3,2,28,12,2.5,11,8,8,33,26,6,4,4,17,13,2
0,2.5,10,8,7,33,29,5,3,4,18,16,3.5,11,7,8,37,35,6,3,4,18,17,2
0,4.0,18,3,6,61,17,10,1,3,34,8,3.5,11,5,10,43,46,5,4,3,17,18,1
0,3.5,11,7,8,37,35,5,4,4,19,18,2.0,9,5,13,33,39,6,3,5,19,15,2
0,4.5,16,4,6,54,37,8,4,1,30,17,2.5,10,8,7,33,29,5,5,3,15,13,1
0,0.5,9,6,12,28,33,5,4,5,13,14,2.0,10,5,11,30,40,5,4,5,17,23,1
0,2.5,7,9,10,32,34,4,4,4,11,12,2.0,9,4,13,39,47,2,3,8,13,23,1
0,0.0,2,9,16,18,44,0,6,8,4,18,2.0,8,5,13,34,40,5,1,7,20,23,0
0,2.5,11,8,8,33,26,5,4,4,16,13,2.0,4,11,11,26,41,2,4,7,13,21,1
0,1.0,10,8,8,33,30,5,3,6,16,19,4.5,17,7,2,46,16,9,3,1,25,9,2
0,4.0,7,9,10,26,37,3,6,4,12,18,4.0,16,7,3,54,24,8,4,1,26,12,2
0,2.0,6,5,15,31,50,5,1,7,19,25,0.0,2,9,16,18,44,2,3,8,14,26,1
0,4.0,16,7,3,54,24,8,3,2,28,12,0.5,9,6,12,28,33,4,2,7,15,19,1
0,3.5,11,5,10,43,46,6,1,7,26,28,3.5,11,7,8,37,35,6,3,4,18,17,2
0,2.0,9,5,13,33,39,3,2,8,14,24,4.0,7,9,10,26,37,4,3,6,14,19,2
0,2.0,9,4,13,39,47,7,1,5,26,24,2.5,11,8,8,33,26,6,4,4,17,13,2
0,2.0,6,5,15,31,50,5,1,7,19,25,4.0,18,3,6,61,17,8,2,3,27,9,1
0,2.0,10,5,11,30,40,5,1,6,13,17,3.0,7,3,16,25,51,4,2,7,10,24,1
0,2.0,8,5,13,34,40,3,4,6,14,17,2.5,7,9,10,32,34,3,5,6,21,22,2
0,4.5,17,7,2,46,16,8,4,1,21,7,0.0,2,9,16,18,44,2,3,8,14,26,1
0,2.0,4,11,11,26,41,2,7,4,13,20,4.5,16,4,6,54,37,8,0,5,24,20,2
0,0.5,9,6,12,28,33,5,4,5,13,14,4.5,17,7,2,46,16,9,3,1,25,9,2
0,1.0,10,8,8,33,30,5,3,6,16,19,2.0,6,5,15,31,50,1,4,8,12,25,0
0,2.5,7,9,10,32,34,4,4,4,11,12,2.0,10,5,11,30,40,5,4,5,17,23,0
0,2.5,11,8,8,33,26,5,4,4,16,13,3.5,11,5,10,43,46,5,4,3,17,18,0
0,2.0,8,5,13,34,40,3,4,6,14,17,2.0,9,4,13,39,47,2,3,8,13,23,0
0,4.0,18,3,6,61,17,10,1,3,34,8,3.0,7,3,16,25,51,4,2,7,10,24,1
0,4.0,7,9,10,26,37,3,6,4,12,18,2.0,4,11,11,26,41,2,4,7,13,21,0
0,4.5,16,4,6,54,37,8,4,1,30,17,2.0,9,5,13,33,39,6,3,5,19,15,1
0,0.0,2,9,16,18,44,0,6,8,4,18,4.0,16,7,3,54,24,8,4,1,26,12,2
0,3.5,11,7,8,37,35,5,4,4,19,18,2.5,10,8,7,33,29,5,5,3,15,13,0
0,2.0,6,5,15,31,50,5,1,7,19,25,2.5,7,9,10,32,34,3,5,6,21,22,1
0,4.0,16,7,3,54,24,8,3,2,28,12,2.0,8,5,13,34,40,5,1,7,20,23,1
0,3.5,11,7,8,37,35,5,4,4,19,18,1.0,10,8,8,33,30,5,5,2,17,11,0
0,2.0,9,4,13,39,47,7,1,5,26,24,0.5,9,6,12,28,33,4,2,7,15,19,1
0,3.5,11,5,10,43,46,6,1,7,26,28,0.0,2,9,16,18,44,2,3,8,14,26,1
0,4.0,7,9,10,26,37,3,6,4,12,18,2.5,11,8,8,33,26,6,4,4,17,13,1
0,2.0,9,5,13,33,39,3,2,8,14,24,2.0,10,5,11,30,40,5,4,5,17,23,1
0,3.0,7,3,16,25,51,3,1,9,15,27,4.5,16,4,6,54,37,8,0,5,24,20,2
0,2.0,4,11,11,26,41,2,7,4,13,20,4.5,17,7,2,46,16,9,3,1,25,9,2
0,2.5,10,8,7,33,29,5,3,4,18,16,4.0,18,3,6,61,17,8,2,3,27,9,2
0,4.0,18,3,6,61,17,10,1,3,34,8,2.0,9,5,13,33,39,6,3,5,19,15,1
0,2.5,7,9,10,32,34,4,4,4,11,12,3.5,11,7,8,37,35,6,3,4,18,17,0
0,4.0,16,7,3,54,24,8,3,2,28,12,3.5,11,5,10,43,46,5,4,3,17,18,2
0,4.5,16,4,6,54,37,8,4,1,30,17,2.0,6,5,15,31,50,1,4,8,12,25,0
0,1.0,10,8,8,33,30,5,3,6,16,19,4.0,7,9,10,26,37,4,3,6,14,19,2
0,2.0,10,5,11,30,40,5,1,6,13,17,2.0,4,11,11,26,41,2,4,7,13,21,2
0,0.0,2,9,16,18,44,0,6,8,4,18,3.0,7,3,16,25,51,4,2,7,10,24,2
0,2.5,11,8,8,33,26,5,4,4,16,13,2.0,8,5,13,34,40,5,1,7,20,23,2
0,4.5,17,7,2,46,16,8,4,1,21,7,2.0,9,4,13,39,47,2,3,8,13,23,0
0,0.5,9,6,12,28,33,5,4,5,13,14,2.5,10,8,7,33,29,5,5,3,15,13,0
0,2.5,10,8,7,33,29,5,3,4,18,16,2.0,9,5,13,33,39,6,3,5,19,15,1
0,2.0,9,4,13,39,47,7,1,5,26,24,4.0,16,7,3,54,24,8,4,1,26,12,2
0,4.0,7,9,10,26,37,3,6,4,12,18,2.5,7,9,10,32,34,3,5,6,21,22,0
0,2.0,4,11,11,26,41,2,7,4,13,20,2.5,10,8,7,33,29,5,5,3,15,13,0
0,3.5,11,5,10,43,46,6,1,7,26,28,1.0,10,8,8,33,30,5,5,2,17,11,1
0,2.0,9,5,13,33,39,3,2,8,14,24,2.5,11,8,8,33,26,6,4,4,17,13,2
0,3.5,11,7,8,37,35,5,4,4,19,18,0.0,2,9,16,18,44,2,3,8,14,26,1
0,3.0,7,3,16,25,51,3,1,9,15,27,0.5,9,6,12,28,33,4,2,7,15,19,1
0,2.0,8,5,13,34,40,3,4,6,14,17,2.0,10,5,11,30,40,5,4,5,17,23,0
0,2.0,6,5,15,31,50,5,1,7,19,25,4.5,17,7,2,46,16,9,3,1,25,9,2
0,4.0,18,3,6,61,17,10,1,3,34,8,4.5,16,4,6,54,37,8,0,5,24,20,2
0,3.0,7,3,16,25,51,3,1,9,15,27,2.0,6,5,15,31,50,1,4,8,12,25,1
0,1.0,10,8,8,33,30,5,3,6,16,19,2.0,9,5,13,33,39,6,3,5,19,15,2
0,0.5,9,6,12,28,33,5,4,5,13,14,2.5,11,8,8,33,26,6,4,4,17,13,2
0,0.0,2,9,16,18,44,0,6,8,4,18,4.0,18,3,6,61,17,8,2,3,27,9,2
